
/*!40101 SET @OLD_CHARACTER_SET_CLIENT=@@CHARACTER_SET_CLIENT */;
/*!40101 SET @OLD_CHARACTER_SET_RESULTS=@@CHARACTER_SET_RESULTS */;
/*!40101 SET @OLD_COLLATION_CONNECTION=@@COLLATION_CONNECTION */;
/*!50503 SET NAMES utf8mb4 */;
/*!40103 SET @OLD_TIME_ZONE=@@TIME_ZONE */;
/*!40103 SET TIME_ZONE='+00:00' */;
/*!40014 SET @OLD_UNIQUE_CHECKS=@@UNIQUE_CHECKS, UNIQUE_CHECKS=0 */;
/*!40014 SET @OLD_FOREIGN_KEY_CHECKS=@@FOREIGN_KEY_CHECKS, FOREIGN_KEY_CHECKS=0 */;
/*!40101 SET @OLD_SQL_MODE=@@SQL_MODE, SQL_MODE='NO_AUTO_VALUE_ON_ZERO' */;
/*!40111 SET @OLD_SQL_NOTES=@@SQL_NOTES, SQL_NOTES=0 */;
DROP TABLE IF EXISTS `activity_log`;
/*!40101 SET @saved_cs_client     = @@character_set_client */;
/*!50503 SET character_set_client = utf8mb4 */;
CREATE TABLE `activity_log` (
  `id` bigint unsigned NOT NULL AUTO_INCREMENT,
  `log_name` varchar(255) COLLATE utf8mb4_unicode_ci DEFAULT NULL,
  `description` text COLLATE utf8mb4_unicode_ci NOT NULL,
  `subject_type` varchar(255) COLLATE utf8mb4_unicode_ci DEFAULT NULL,
  `event` varchar(255) COLLATE utf8mb4_unicode_ci DEFAULT NULL,
  `subject_id` bigint unsigned DEFAULT NULL,
  `causer_type` varchar(255) COLLATE utf8mb4_unicode_ci DEFAULT NULL,
  `causer_id` bigint unsigned DEFAULT NULL,
  `properties` json DEFAULT NULL,
  `batch_uuid` char(36) COLLATE utf8mb4_unicode_ci DEFAULT NULL,
  `created_at` timestamp NULL DEFAULT NULL,
  `updated_at` timestamp NULL DEFAULT NULL,
  PRIMARY KEY (`id`),
  KEY `subject` (`subject_type`,`subject_id`),
  KEY `causer` (`causer_type`,`causer_id`),
  KEY `activity_log_log_name_index` (`log_name`)
) ENGINE=InnoDB AUTO_INCREMENT=100 DEFAULT CHARSET=utf8mb4 COLLATE=utf8mb4_unicode_ci;
/*!40101 SET character_set_client = @saved_cs_client */;

LOCK TABLES `activity_log` WRITE;
/*!40000 ALTER TABLE `activity_log` DISABLE KEYS */;
INSERT INTO `activity_log` VALUES (1,'default','created','App\\Models\\Company','created',1,NULL,NULL,'{\"attributes\": {\"id\": 1, \"name\": \"Josephine Ward\", \"cover_path\": \"/storage/companies/10648334_774743482566882_8263394952722196279_o.jpg\", \"created_at\": \"2022-09-26T23:15:30.000000Z\", \"updated_at\": \"2022-09-26T23:15:30.000000Z\", \"company_color\": \"#c82c1e\"}}',NULL,'2022-09-26 21:15:30','2022-09-26 21:15:30'),(2,'default','created','App\\Models\\Project','created',4,NULL,NULL,'{\"attributes\": {\"id\": 4, \"name\": \"asdasdasd\", \"is_done\": 0, \"company_id\": 1, \"created_at\": \"2022-09-26T23:24:04.000000Z\", \"updated_at\": \"2022-09-26T23:24:04.000000Z\", \"type_of_job\": \"asdasdas\", \"street_address\": \"asdasdasdasd\", \"address_latitude\": null, \"address_longitude\": null}}',NULL,'2022-09-26 21:24:04','2022-09-26 21:24:04'),(3,'default','created','App\\Models\\Project','created',5,NULL,NULL,'{\"attributes\": {\"id\": 5, \"name\": \"asdasda\", \"is_done\": 0, \"company_id\": 1, \"created_at\": \"2022-09-26T23:24:22.000000Z\", \"updated_at\": \"2022-09-26T23:24:22.000000Z\", \"type_of_job\": \"Duis beatae aut dolo\", \"street_address\": \"Aliqua Voluptatem a\", \"address_latitude\": null, \"address_longitude\": null}}',NULL,'2022-09-26 21:24:22','2022-09-26 21:24:22'),(4,'default','created','App\\Models\\User','created',1,NULL,NULL,'{\"attributes\": {\"id\": 1, \"email\": \"xijodof@mailinator.com\", \"mobile\": 730681670, \"address\": null, \"is_admin\": 0, \"password\": \"$2y$10$bGxcbTCAG5kKHs3p2u3Pl.yBGxzUmnhudsW6BKoamdrrusCV6K6.e\", \"username\": \"Dolorum ut deserunt\", \"apartment\": null, \"last_name\": \"Barlow\", \"created_at\": \"2022-09-26T23:26:04.000000Z\", \"first_name\": \"Orlando\", \"updated_at\": \"2022-09-26T23:26:04.000000Z\", \"user_color\": \"#F25757\", \"money_per_hour\": 8, \"remember_token\": null, \"email_verified_at\": null}}',NULL,'2022-09-26 21:26:04','2022-09-26 21:26:04'),(5,'default','created','App\\Models\\User','created',2,'App\\Models\\User',2,'{\"attributes\": {\"id\": 2, \"email\": \"feqafetu@mailinator.com\", \"mobile\": 39, \"address\": null, \"is_admin\": 0, \"password\": \"$2y$10$tE6BedubOXuJYzIOVfeXauPNUfjBNjF01OQqVwj0uY0EYsczUMHlG\", \"username\": \"Consequat Deleniti\", \"apartment\": null, \"last_name\": \"Hartman\", \"created_at\": \"2022-09-26T23:26:26.000000Z\", \"first_name\": \"Hope\", \"updated_at\": \"2022-09-26T23:26:26.000000Z\", \"user_color\": \"#F25757\", \"money_per_hour\": 48, \"remember_token\": null, \"email_verified_at\": null}}',NULL,'2022-09-26 21:26:26','2022-09-26 21:26:26'),(6,'default','created','App\\Models\\Company','created',2,'App\\Models\\User',2,'{\"attributes\": {\"id\": 2, \"name\": \"Yuli Richards\", \"cover_path\": \"/storage/companies/20170220_145322970_iOS.jpg\", \"created_at\": \"2022-09-26T23:27:35.000000Z\", \"updated_at\": \"2022-09-26T23:27:35.000000Z\", \"company_color\": \"#2d4b32\"}}',NULL,'2022-09-26 21:27:35','2022-09-26 21:27:35'),(7,'default','created','App\\Models\\Project','created',6,'App\\Models\\User',2,'{\"attributes\": {\"id\": 6, \"name\": \"Non eius sed dolorem\", \"is_done\": 0, \"company_id\": 2, \"created_at\": \"2022-09-26T23:27:35.000000Z\", \"updated_at\": \"2022-09-26T23:27:35.000000Z\", \"type_of_job\": \"Non nulla voluptatib\", \"street_address\": \"Proident eum deseru\", \"address_latitude\": null, \"address_longitude\": null}}',NULL,'2022-09-26 21:27:35','2022-09-26 21:27:35'),(8,'default','created','App\\Models\\ProjectUsers','created',1,'App\\Models\\User',2,'{\"attributes\": {\"id\": 1, \"user_id\": 2, \"created_at\": \"2022-09-26T23:27:35.000000Z\", \"project_id\": 6, \"updated_at\": \"2022-09-26T23:27:35.000000Z\"}}',NULL,'2022-09-26 21:27:35','2022-09-26 21:27:35'),(9,'default','created','App\\Models\\ProjectUsers','created',2,'App\\Models\\User',2,'{\"attributes\": {\"id\": 2, \"user_id\": 1, \"created_at\": \"2022-09-26T23:27:35.000000Z\", \"project_id\": 6, \"updated_at\": \"2022-09-26T23:27:35.000000Z\"}}',NULL,'2022-09-26 21:27:35','2022-09-26 21:27:35'),(10,'default','created','App\\Models\\ProjectUsers','created',3,'App\\Models\\User',2,'{\"attributes\": {\"id\": 3, \"user_id\": 1, \"created_at\": \"2022-09-26T23:28:44.000000Z\", \"project_id\": 5, \"updated_at\": \"2022-09-26T23:28:44.000000Z\"}}',NULL,'2022-09-26 21:28:45','2022-09-26 21:28:45'),(11,'default','created','App\\Models\\ProjectUsers','created',4,'App\\Models\\User',2,'{\"attributes\": {\"id\": 4, \"user_id\": 1, \"created_at\": \"2022-09-26T23:28:48.000000Z\", \"project_id\": 4, \"updated_at\": \"2022-09-26T23:28:48.000000Z\"}}',NULL,'2022-09-26 21:28:48','2022-09-26 21:28:48'),(12,'default','created','App\\Models\\ProjectUsers','created',5,'App\\Models\\User',2,'{\"attributes\": {\"id\": 5, \"user_id\": 2, \"created_at\": \"2022-09-26T23:28:50.000000Z\", \"project_id\": 4, \"updated_at\": \"2022-09-26T23:28:50.000000Z\"}}',NULL,'2022-09-26 21:28:50','2022-09-26 21:28:50'),(13,'default','created','App\\Models\\WorkTime','created',1,'App\\Models\\User',2,'{\"attributes\": {\"id\": 1, \"job\": \"Itaque cumque facere\", \"date\": \"2016-09-13\", \"hours\": 46, \"user_id\": 2, \"employee\": \"Hope Hartman\", \"created_at\": \"2022-09-26T23:30:41.000000Z\", \"project_id\": 5, \"updated_at\": \"2022-09-26T23:30:41.000000Z\", \"project_name\": \"asdasda\", \"money_per_hour\": 90}}',NULL,'2022-09-26 21:30:41','2022-09-26 21:30:41'),(14,'default','created','App\\Models\\WorkTime','created',2,'App\\Models\\User',2,'{\"attributes\": {\"id\": 2, \"job\": \"Esse labore sunt el\", \"date\": \"2007-12-21\", \"hours\": 40, \"user_id\": 2, \"employee\": \"Hope Hartman\", \"created_at\": \"2022-09-26T23:30:45.000000Z\", \"project_id\": 6, \"updated_at\": \"2022-09-26T23:30:45.000000Z\", \"project_name\": \"Non eius sed dolorem\", \"money_per_hour\": 83}}',NULL,'2022-09-26 21:30:45','2022-09-26 21:30:45'),(15,'default','updated','App\\Models\\Project','updated',4,'App\\Models\\User',2,'{\"old\": {\"id\": 4, \"name\": \"asdasdasd\", \"is_done\": 0, \"company_id\": 1, \"created_at\": \"2022-09-26T23:24:04.000000Z\", \"updated_at\": \"2022-09-26T23:24:04.000000Z\", \"type_of_job\": \"asdasdas\", \"street_address\": \"asdasdasdasd\", \"address_latitude\": null, \"address_longitude\": null}, \"attributes\": {\"id\": 4, \"name\": \"asdasdasd\", \"is_done\": 0, \"company_id\": 1, \"created_at\": \"2022-09-26T23:24:04.000000Z\", \"updated_at\": \"2022-09-26T23:36:07.000000Z\", \"type_of_job\": \"asdasd\", \"street_address\": \"asdasd\", \"address_latitude\": null, \"address_longitude\": null}}',NULL,'2022-09-26 21:36:07','2022-09-26 21:36:07'),(16,'default','updated','App\\Models\\User','updated',2,'App\\Models\\User',2,'{\"old\": {\"id\": 2, \"email\": \"feqafetu@mailinator.com\", \"mobile\": 39, \"address\": null, \"is_admin\": 1, \"password\": \"$2y$10$tE6BedubOXuJYzIOVfeXauPNUfjBNjF01OQqVwj0uY0EYsczUMHlG\", \"username\": \"Consequat Deleniti\", \"apartment\": null, \"last_name\": \"Hartman\", \"created_at\": \"2022-09-26T23:26:26.000000Z\", \"first_name\": \"Hope\", \"updated_at\": \"2022-09-26T23:26:26.000000Z\", \"user_color\": \"#F25757\", \"money_per_hour\": 48, \"remember_token\": null, \"email_verified_at\": null}, \"attributes\": {\"id\": 2, \"email\": \"feqafetu@mailinator.com\", \"mobile\": 39, \"address\": \"bablerovonamesti\", \"is_admin\": 1, \"password\": \"$2y$10$LWtQvbwA0x1gMDIPTkZdJ.PK6nK9A6MusR90I.9c1Fw.i3jj7KgEe\", \"username\": \"Consequat Deleniti\", \"apartment\": \"16\", \"last_name\": \"Hartman\", \"created_at\": \"2022-09-26T23:26:26.000000Z\", \"first_name\": \"Hope\", \"updated_at\": \"2022-09-26T23:41:27.000000Z\", \"user_color\": \"#F25757\", \"money_per_hour\": 150, \"remember_token\": null, \"email_verified_at\": null}}',NULL,'2022-09-26 21:41:27','2022-09-26 21:41:27'),(17,'default','updated','App\\Models\\User','updated',2,'App\\Models\\User',2,'{\"old\": {\"id\": 2, \"email\": \"feqafetu@mailinator.com\", \"mobile\": 39, \"address\": \"bablerovonamesti\", \"is_admin\": 1, \"password\": \"$2y$10$LWtQvbwA0x1gMDIPTkZdJ.PK6nK9A6MusR90I.9c1Fw.i3jj7KgEe\", \"username\": \"Consequat Deleniti\", \"apartment\": \"16\", \"last_name\": \"Hartman\", \"created_at\": \"2022-09-26T23:26:26.000000Z\", \"first_name\": \"Hope\", \"updated_at\": \"2022-09-26T23:41:27.000000Z\", \"user_color\": \"#F25757\", \"money_per_hour\": 150, \"remember_token\": null, \"email_verified_at\": null}, \"attributes\": {\"id\": 2, \"email\": \"feqafetu@mailinator.com\", \"mobile\": 39, \"address\": \"bablerovonamesti\", \"is_admin\": 1, \"password\": \"$2y$10$/CQ.lIQalPxRVtUp0lnCtOuIDoNrkT62xyBWJ7jTpkUj6lW9BGdIa\", \"username\": \"Consequat Deleniti\", \"apartment\": \"16\", \"last_name\": \"Hartman\", \"created_at\": \"2022-09-26T23:26:26.000000Z\", \"first_name\": \"Hope\", \"updated_at\": \"2022-09-26T23:44:44.000000Z\", \"user_color\": \"#F25757\", \"money_per_hour\": 150, \"remember_token\": null, \"email_verified_at\": null}}',NULL,'2022-09-26 21:44:44','2022-09-26 21:44:44'),(18,'default','created','App\\Models\\User','created',3,'App\\Models\\User',2,'{\"attributes\": {\"id\": 3, \"email\": \"gonofyta@mailinator.com\", \"mobile\": 72, \"address\": \"Quo est voluptas qu\", \"is_admin\": 0, \"password\": \"$2y$10$GVAnGY8TEd1TSX4xN.vtuuLJ7EGpnotj4zWB8e9jbtimNpULWjCqi\", \"username\": \"Sunt quis reprehend\", \"apartment\": \"Assumenda vel nulla\", \"last_name\": \"Whitaker\", \"created_at\": \"2022-09-26T23:47:00.000000Z\", \"first_name\": \"Mona\", \"updated_at\": \"2022-09-26T23:47:00.000000Z\", \"user_color\": \"#F25757\", \"money_per_hour\": 89, \"remember_token\": null, \"email_verified_at\": null}}',NULL,'2022-09-26 21:47:00','2022-09-26 21:47:00'),(19,'default','created','App\\Models\\User','created',4,'App\\Models\\User',2,'{\"attributes\": {\"id\": 4, \"email\": \"nudir@mailinator.com\", \"mobile\": 96, \"address\": \"Consequatur explicab\", \"is_admin\": 0, \"password\": \"$2y$10$uLPAAune2G03XorL4avFROhstC3k4E9RypDnozbpg0YykJCbLew/a\", \"username\": \"Quis et dignissimos\", \"apartment\": \"Enim natus omnis ali\", \"last_name\": \"Francis\", \"created_at\": \"2022-09-26T23:47:11.000000Z\", \"first_name\": \"Lisandra\", \"updated_at\": \"2022-09-26T23:47:11.000000Z\", \"user_color\": \"#F25757\", \"money_per_hour\": 50, \"remember_token\": null, \"email_verified_at\": null}}',NULL,'2022-09-26 21:47:12','2022-09-26 21:47:12'),(20,'default','updated','App\\Models\\User','updated',4,'App\\Models\\User',2,'{\"old\": {\"id\": 4, \"email\": \"nudir@mailinator.com\", \"mobile\": 96, \"address\": \"Consequatur explicab\", \"is_admin\": 0, \"password\": \"$2y$10$uLPAAune2G03XorL4avFROhstC3k4E9RypDnozbpg0YykJCbLew/a\", \"username\": \"Quis et dignissimos\", \"apartment\": \"Enim natus omnis ali\", \"last_name\": \"Francis\", \"created_at\": \"2022-09-26T23:47:11.000000Z\", \"first_name\": \"Lisandra\", \"updated_at\": \"2022-09-26T23:47:11.000000Z\", \"user_color\": \"#F25757\", \"money_per_hour\": 50, \"remember_token\": null, \"email_verified_at\": null}, \"attributes\": {\"id\": 4, \"email\": \"nudir@mailinator.com\", \"mobile\": 96, \"address\": \"Consequatur explicab\", \"is_admin\": 1, \"password\": \"$2y$10$uLPAAune2G03XorL4avFROhstC3k4E9RypDnozbpg0YykJCbLew/a\", \"username\": \"Quis et dignissimos\", \"apartment\": \"Enim natus omnis ali\", \"last_name\": \"Francis\", \"created_at\": \"2022-09-26T23:47:11.000000Z\", \"first_name\": \"Lisandra\", \"updated_at\": \"2022-09-26T23:51:14.000000Z\", \"user_color\": \"#F25757\", \"money_per_hour\": 50, \"remember_token\": null, \"email_verified_at\": null}}',NULL,'2022-09-26 21:51:15','2022-09-26 21:51:15'),(21,'default','updated','App\\Models\\User','updated',4,'App\\Models\\User',2,'{\"old\": {\"id\": 4, \"email\": \"nudir@mailinator.com\", \"mobile\": 96, \"address\": \"Consequatur explicab\", \"is_admin\": 1, \"password\": \"$2y$10$uLPAAune2G03XorL4avFROhstC3k4E9RypDnozbpg0YykJCbLew/a\", \"username\": \"Quis et dignissimos\", \"apartment\": \"Enim natus omnis ali\", \"last_name\": \"Francis\", \"created_at\": \"2022-09-26T23:47:11.000000Z\", \"first_name\": \"Lisandra\", \"updated_at\": \"2022-09-26T23:51:14.000000Z\", \"user_color\": \"#F25757\", \"money_per_hour\": 50, \"remember_token\": null, \"email_verified_at\": null}, \"attributes\": {\"id\": 4, \"email\": \"nudir@mailinator.com\", \"mobile\": 96, \"address\": \"Consequatur explicab\", \"is_admin\": 0, \"password\": \"$2y$10$uLPAAune2G03XorL4avFROhstC3k4E9RypDnozbpg0YykJCbLew/a\", \"username\": \"Quis et dignissimos\", \"apartment\": \"Enim natus omnis ali\", \"last_name\": \"Francis\", \"created_at\": \"2022-09-26T23:47:11.000000Z\", \"first_name\": \"Lisandra\", \"updated_at\": \"2022-09-26T23:51:28.000000Z\", \"user_color\": \"#F25757\", \"money_per_hour\": 50, \"remember_token\": null, \"email_verified_at\": null}}',NULL,'2022-09-26 21:51:28','2022-09-26 21:51:28'),(22,'default','updated','App\\Models\\User','updated',1,'App\\Models\\User',2,'{\"old\": {\"id\": 1, \"email\": \"xijodof@mailinator.com\", \"mobile\": 730681670, \"address\": null, \"is_admin\": 0, \"password\": \"$2y$10$bGxcbTCAG5kKHs3p2u3Pl.yBGxzUmnhudsW6BKoamdrrusCV6K6.e\", \"username\": \"Dolorum ut deserunt\", \"apartment\": null, \"last_name\": \"Barlow\", \"created_at\": \"2022-09-26T23:26:04.000000Z\", \"first_name\": \"Orlando\", \"updated_at\": \"2022-09-26T23:26:04.000000Z\", \"user_color\": \"#F25757\", \"money_per_hour\": 8, \"remember_token\": null, \"email_verified_at\": null}, \"attributes\": {\"id\": 1, \"email\": \"xijodof@mailinator.com\", \"mobile\": 730681670, \"address\": null, \"is_admin\": 0, \"password\": \"$2y$10$bGxcbTCAG5kKHs3p2u3Pl.yBGxzUmnhudsW6BKoamdrrusCV6K6.e\", \"username\": \"Dolorum ut desesrunt\", \"apartment\": null, \"last_name\": \"Barlow\", \"created_at\": \"2022-09-26T23:26:04.000000Z\", \"first_name\": \"Orlando\", \"updated_at\": \"2022-09-26T23:58:30.000000Z\", \"user_color\": \"#F25757\", \"money_per_hour\": 8, \"remember_token\": null, \"email_verified_at\": null}}',NULL,'2022-09-26 21:58:30','2022-09-26 21:58:30'),(23,'default','updated','App\\Models\\User','updated',1,'App\\Models\\User',2,'{\"old\": {\"id\": 1, \"email\": \"xijodof@mailinator.com\", \"mobile\": 730681670, \"address\": null, \"is_admin\": 0, \"password\": \"$2y$10$bGxcbTCAG5kKHs3p2u3Pl.yBGxzUmnhudsW6BKoamdrrusCV6K6.e\", \"username\": \"Dolorum ut desesrunt\", \"apartment\": null, \"last_name\": \"Barlow\", \"created_at\": \"2022-09-26T23:26:04.000000Z\", \"first_name\": \"Orlando\", \"updated_at\": \"2022-09-26T23:58:30.000000Z\", \"user_color\": \"#F25757\", \"money_per_hour\": 8, \"remember_token\": null, \"email_verified_at\": null}, \"attributes\": {\"id\": 1, \"email\": \"xijodof@mailinator.com\", \"mobile\": 730681670, \"address\": \"test\", \"is_admin\": 0, \"password\": \"$2y$10$bGxcbTCAG5kKHs3p2u3Pl.yBGxzUmnhudsW6BKoamdrrusCV6K6.e\", \"username\": \"Dolorum ut t\", \"apartment\": \"tesst\", \"last_name\": \"Barlow\", \"created_at\": \"2022-09-26T23:26:04.000000Z\", \"first_name\": \"Orlando\", \"updated_at\": \"2022-09-26T23:59:22.000000Z\", \"user_color\": \"#F25757\", \"money_per_hour\": 8, \"remember_token\": null, \"email_verified_at\": null}}',NULL,'2022-09-26 21:59:22','2022-09-26 21:59:22'),(24,'default','updated','App\\Models\\User','updated',4,'App\\Models\\User',4,'{\"old\": {\"id\": 4, \"email\": \"nudir@mailinator.com\", \"mobile\": 96, \"address\": \"Consequatur explicab\", \"is_admin\": 0, \"password\": \"$2y$10$uLPAAune2G03XorL4avFROhstC3k4E9RypDnozbpg0YykJCbLew/a\", \"username\": \"Quis et dignissimos\", \"apartment\": \"Enim natus omnis ali\", \"last_name\": \"Francis\", \"created_at\": \"2022-09-26T23:47:11.000000Z\", \"first_name\": \"Lisandra\", \"updated_at\": \"2022-09-26T23:51:28.000000Z\", \"user_color\": \"#F25757\", \"money_per_hour\": 50, \"remember_token\": null, \"email_verified_at\": null}, \"attributes\": {\"id\": 4, \"email\": \"nudir@mailinator.com\", \"mobile\": 730681670, \"address\": \"Consequatur explicab\", \"is_admin\": 0, \"password\": \"$2y$10$7gtrL.4HCvtIQA8y8eTPp.xldGEQyh1zzh9PNER.SrN3LY.tLITgu\", \"username\": \"Quis et dignissimos\", \"apartment\": \"Enim natus omnis ali\", \"last_name\": \"Francis\", \"created_at\": \"2022-09-26T23:47:11.000000Z\", \"first_name\": \"Lisandra\", \"updated_at\": \"2022-09-27T08:16:54.000000Z\", \"user_color\": \"#F25757\", \"money_per_hour\": 50, \"remember_token\": null, \"email_verified_at\": null}}',NULL,'2022-09-27 06:16:54','2022-09-27 06:16:54'),(25,'default','updated','App\\Models\\User','updated',4,'App\\Models\\User',4,'{\"old\": {\"id\": 4, \"email\": \"nudir@mailinator.com\", \"mobile\": 730681670, \"address\": \"Consequatur explicab\", \"is_admin\": 0, \"password\": \"$2y$10$7gtrL.4HCvtIQA8y8eTPp.xldGEQyh1zzh9PNER.SrN3LY.tLITgu\", \"username\": \"Quis et dignissimos\", \"apartment\": \"Enim natus omnis ali\", \"last_name\": \"Francis\", \"created_at\": \"2022-09-26T23:47:11.000000Z\", \"first_name\": \"Lisandra\", \"updated_at\": \"2022-09-27T08:16:54.000000Z\", \"user_color\": \"#F25757\", \"money_per_hour\": 50, \"remember_token\": null, \"email_verified_at\": null}, \"attributes\": {\"id\": 4, \"email\": \"nudir@mailinator.com\", \"mobile\": 7306816, \"address\": \"Consequatur explicab\", \"is_admin\": 0, \"password\": \"$2y$10$GnjIKHsabFLUdGj7ux9LGOJid6vvHaSzH.SxNZevyZgHH/d35028a\", \"username\": \"Quis et dignissimos\", \"apartment\": \"Enim natus omnis ali\", \"last_name\": \"Francis\", \"created_at\": \"2022-09-26T23:47:11.000000Z\", \"first_name\": \"Lisandra\", \"updated_at\": \"2022-09-27T08:16:57.000000Z\", \"user_color\": \"#F25757\", \"money_per_hour\": 50, \"remember_token\": null, \"email_verified_at\": null}}',NULL,'2022-09-27 06:16:57','2022-09-27 06:16:57'),(26,'default','updated','App\\Models\\User','updated',4,'App\\Models\\User',4,'{\"old\": {\"id\": 4, \"email\": \"nudir@mailinator.com\", \"mobile\": 7306816, \"address\": \"Consequatur explicab\", \"is_admin\": 0, \"password\": \"$2y$10$GnjIKHsabFLUdGj7ux9LGOJid6vvHaSzH.SxNZevyZgHH/d35028a\", \"username\": \"Quis et dignissimos\", \"apartment\": \"Enim natus omnis ali\", \"last_name\": \"Francis\", \"created_at\": \"2022-09-26T23:47:11.000000Z\", \"first_name\": \"Lisandra\", \"updated_at\": \"2022-09-27T08:16:57.000000Z\", \"user_color\": \"#F25757\", \"money_per_hour\": 50, \"remember_token\": null, \"email_verified_at\": null}, \"attributes\": {\"id\": 4, \"email\": \"nudir@mailinator.com\", \"mobile\": 7306816, \"address\": \"Consequatur explicab\", \"is_admin\": 0, \"password\": \"$2y$10$/we7q1WEG8POiQIYmM5f4e2sY7Vt1WBIoBO0TMJrEd3POt61.ZHLy\", \"username\": \"Quis et dignissimos\", \"apartment\": \"Enim natus omnis ali\", \"last_name\": \"Francis\", \"created_at\": \"2022-09-26T23:47:11.000000Z\", \"first_name\": \"Lisandra\", \"updated_at\": \"2022-09-27T08:17:59.000000Z\", \"user_color\": \"#F25757\", \"money_per_hour\": 50, \"remember_token\": null, \"email_verified_at\": null}}',NULL,'2022-09-27 06:17:59','2022-09-27 06:17:59'),(27,'default','updated','App\\Models\\User','updated',4,'App\\Models\\User',4,'{\"old\": {\"id\": 4, \"email\": \"nudir@mailinator.com\", \"mobile\": 7306816, \"address\": \"Consequatur explicab\", \"is_admin\": 0, \"password\": \"$2y$10$/we7q1WEG8POiQIYmM5f4e2sY7Vt1WBIoBO0TMJrEd3POt61.ZHLy\", \"username\": \"Quis et dignissimos\", \"apartment\": \"Enim natus omnis ali\", \"last_name\": \"Francis\", \"created_at\": \"2022-09-26T23:47:11.000000Z\", \"first_name\": \"Lisandra\", \"updated_at\": \"2022-09-27T08:17:59.000000Z\", \"user_color\": \"#F25757\", \"money_per_hour\": 50, \"remember_token\": null, \"email_verified_at\": null}, \"attributes\": {\"id\": 4, \"email\": \"nudir@mailinator.com\", \"mobile\": 70, \"address\": \"Consequatur explicab\", \"is_admin\": 0, \"password\": \"$2y$10$QSt0LZ5eAy6IwM6QxWUWDeaMulS78iP.KNr.igT6RKDgDM/uXOObm\", \"username\": \"Quis et dignissimos\", \"apartment\": \"Enim natus omnis ali\", \"last_name\": \"Francis\", \"created_at\": \"2022-09-26T23:47:11.000000Z\", \"first_name\": \"Lisandra\", \"updated_at\": \"2022-09-27T08:18:10.000000Z\", \"user_color\": \"#F25757\", \"money_per_hour\": 50, \"remember_token\": null, \"email_verified_at\": null}}',NULL,'2022-09-27 06:18:10','2022-09-27 06:18:10'),(28,'default','updated','App\\Models\\User','updated',4,'App\\Models\\User',4,'{\"old\": {\"id\": 4, \"email\": \"nudir@mailinator.com\", \"mobile\": 70, \"address\": \"Consequatur explicab\", \"is_admin\": 0, \"password\": \"$2y$10$QSt0LZ5eAy6IwM6QxWUWDeaMulS78iP.KNr.igT6RKDgDM/uXOObm\", \"username\": \"Quis et dignissimos\", \"apartment\": \"Enim natus omnis ali\", \"last_name\": \"Francis\", \"created_at\": \"2022-09-26T23:47:11.000000Z\", \"first_name\": \"Lisandra\", \"updated_at\": \"2022-09-27T08:18:10.000000Z\", \"user_color\": \"#F25757\", \"money_per_hour\": 50, \"remember_token\": null, \"email_verified_at\": null}, \"attributes\": {\"id\": 4, \"email\": \"nudir@mailinator.com\", \"mobile\": 70, \"address\": \"Consequatur explicab\", \"is_admin\": 0, \"password\": \"$2y$10$u1ukwX1dGffbLNX/LS/x5OkkyR7EFqiDYdtMm2K178pNrE3QhbUXG\", \"username\": \"Quis et dignissimos\", \"apartment\": \"Enim natus omnis ali\", \"last_name\": \"Francis\", \"created_at\": \"2022-09-26T23:47:11.000000Z\", \"first_name\": \"Lisandra\", \"updated_at\": \"2022-09-27T08:20:53.000000Z\", \"user_color\": \"#F25757\", \"money_per_hour\": 50, \"remember_token\": null, \"email_verified_at\": null}}',NULL,'2022-09-27 06:20:53','2022-09-27 06:20:53'),(29,'default','updated','App\\Models\\User','updated',4,'App\\Models\\User',4,'{\"old\": {\"id\": 4, \"email\": \"nudir@mailinator.com\", \"mobile\": 70, \"address\": \"Consequatur explicab\", \"is_admin\": 0, \"password\": \"$2y$10$u1ukwX1dGffbLNX/LS/x5OkkyR7EFqiDYdtMm2K178pNrE3QhbUXG\", \"username\": \"Quis et dignissimos\", \"apartment\": \"Enim natus omnis ali\", \"last_name\": \"Francis\", \"created_at\": \"2022-09-26T23:47:11.000000Z\", \"first_name\": \"Lisandra\", \"updated_at\": \"2022-09-27T08:20:53.000000Z\", \"user_color\": \"#F25757\", \"money_per_hour\": 50, \"remember_token\": null, \"email_verified_at\": null}, \"attributes\": {\"id\": 4, \"email\": \"nudir@mailinator.com\", \"mobile\": 730681670, \"address\": \"Consequatur explicab\", \"is_admin\": 0, \"password\": \"$2y$10$4l/MRf9OAvwQVTZrEEa1yO3eIW6IKKEPHRA35izFqtK1G/.xB9bdq\", \"username\": \"Quis et dignissimos\", \"apartment\": \"Enim natus omnis ali\", \"last_name\": \"Francis\", \"created_at\": \"2022-09-26T23:47:11.000000Z\", \"first_name\": \"Lisandra\", \"updated_at\": \"2022-09-27T08:21:16.000000Z\", \"user_color\": \"#F25757\", \"money_per_hour\": 50, \"remember_token\": null, \"email_verified_at\": null}}',NULL,'2022-09-27 06:21:16','2022-09-27 06:21:16'),(30,'default','updated','App\\Models\\User','updated',4,'App\\Models\\User',4,'{\"old\": {\"id\": 4, \"email\": \"nudir@mailinator.com\", \"mobile\": 730681670, \"address\": \"Consequatur explicab\", \"is_admin\": 0, \"password\": \"$2y$10$4l/MRf9OAvwQVTZrEEa1yO3eIW6IKKEPHRA35izFqtK1G/.xB9bdq\", \"username\": \"Quis et dignissimos\", \"apartment\": \"Enim natus omnis ali\", \"last_name\": \"Francis\", \"created_at\": \"2022-09-26T23:47:11.000000Z\", \"first_name\": \"Lisandra\", \"updated_at\": \"2022-09-27T08:21:16.000000Z\", \"user_color\": \"#F25757\", \"money_per_hour\": 50, \"remember_token\": null, \"email_verified_at\": null}, \"attributes\": {\"id\": 4, \"email\": \"nudir@mailinator.com\", \"mobile\": 777777777, \"address\": \"Consequatur explicab\", \"is_admin\": 0, \"password\": \"$2y$10$JblF5xRkp8scCNZHcKCt7Oq0IA7CgfNCLdzdI5N6XN6EN829Ywa7G\", \"username\": \"Quis et dignissimos\", \"apartment\": \"Enim natus omnis ali\", \"last_name\": \"Francis\", \"created_at\": \"2022-09-26T23:47:11.000000Z\", \"first_name\": \"Lisandra\", \"updated_at\": \"2022-09-27T08:21:31.000000Z\", \"user_color\": \"#F25757\", \"money_per_hour\": 50, \"remember_token\": null, \"email_verified_at\": null}}',NULL,'2022-09-27 06:21:31','2022-09-27 06:21:31'),(31,'default','updated','App\\Models\\User','updated',4,'App\\Models\\User',4,'{\"old\": {\"id\": 4, \"email\": \"nudir@mailinator.com\", \"mobile\": 777777777, \"address\": \"Consequatur explicab\", \"is_admin\": 0, \"password\": \"$2y$10$JblF5xRkp8scCNZHcKCt7Oq0IA7CgfNCLdzdI5N6XN6EN829Ywa7G\", \"username\": \"Quis et dignissimos\", \"apartment\": \"Enim natus omnis ali\", \"last_name\": \"Francis\", \"created_at\": \"2022-09-26T23:47:11.000000Z\", \"first_name\": \"Lisandra\", \"updated_at\": \"2022-09-27T08:21:31.000000Z\", \"user_color\": \"#F25757\", \"money_per_hour\": 50, \"remember_token\": null, \"email_verified_at\": null}, \"attributes\": {\"id\": 4, \"email\": \"nudir@mailinator.com\", \"mobile\": 777777777, \"address\": \"Consequatur explicab\", \"is_admin\": 0, \"password\": \"$2y$10$dmc8sTubDRr1M.paIf5jXe8KUiJjlAnEEgW97UjgYA7EBHB7VZWIG\", \"username\": \"Quis et dignissimos\", \"apartment\": \"Enim natus omnis ali\", \"last_name\": \"Francis\", \"created_at\": \"2022-09-26T23:47:11.000000Z\", \"first_name\": \"Lisandra\", \"updated_at\": \"2022-09-27T08:22:05.000000Z\", \"user_color\": \"#F25757\", \"money_per_hour\": 50, \"remember_token\": null, \"email_verified_at\": null}}',NULL,'2022-09-27 06:22:05','2022-09-27 06:22:05'),(32,'default','updated','App\\Models\\User','updated',4,'App\\Models\\User',4,'{\"old\": {\"id\": 4, \"email\": \"nudir@mailinator.com\", \"mobile\": 777777777, \"address\": \"Consequatur explicab\", \"is_admin\": 0, \"password\": \"$2y$10$dmc8sTubDRr1M.paIf5jXe8KUiJjlAnEEgW97UjgYA7EBHB7VZWIG\", \"username\": \"Quis et dignissimos\", \"apartment\": \"Enim natus omnis ali\", \"last_name\": \"Francis\", \"created_at\": \"2022-09-26T23:47:11.000000Z\", \"first_name\": \"Lisandra\", \"updated_at\": \"2022-09-27T08:22:05.000000Z\", \"user_color\": \"#F25757\", \"money_per_hour\": 50, \"remember_token\": null, \"email_verified_at\": null}, \"attributes\": {\"id\": 4, \"email\": \"nudir@mailinator.com\", \"mobile\": 7777, \"address\": \"Consequatur explicab\", \"is_admin\": 0, \"password\": \"$2y$10$eWOVm4WtVLWIRExKRvdoXeI9ol7llsLqG/g82wZ1Zm0h8AS2av2Ii\", \"username\": \"Quis et dignissimos\", \"apartment\": \"Enim natus omnis ali\", \"last_name\": \"Francis\", \"created_at\": \"2022-09-26T23:47:11.000000Z\", \"first_name\": \"Lisandra\", \"updated_at\": \"2022-09-27T08:22:09.000000Z\", \"user_color\": \"#F25757\", \"money_per_hour\": 50, \"remember_token\": null, \"email_verified_at\": null}}',NULL,'2022-09-27 06:22:09','2022-09-27 06:22:09'),(33,'default','updated','App\\Models\\User','updated',4,'App\\Models\\User',4,'{\"old\": {\"id\": 4, \"email\": \"nudir@mailinator.com\", \"mobile\": 7777, \"address\": \"Consequatur explicab\", \"is_admin\": 0, \"password\": \"$2y$10$eWOVm4WtVLWIRExKRvdoXeI9ol7llsLqG/g82wZ1Zm0h8AS2av2Ii\", \"username\": \"Quis et dignissimos\", \"apartment\": \"Enim natus omnis ali\", \"last_name\": \"Francis\", \"created_at\": \"2022-09-26T23:47:11.000000Z\", \"first_name\": \"Lisandra\", \"updated_at\": \"2022-09-27T08:22:09.000000Z\", \"user_color\": \"#F25757\", \"money_per_hour\": 50, \"remember_token\": null, \"email_verified_at\": null}, \"attributes\": {\"id\": 4, \"email\": \"nudir@mailinator.com\", \"mobile\": 7777, \"address\": \"Consequatur explicab\", \"is_admin\": 0, \"password\": \"$2y$10$X82vIYWSvKtJrA.gxgQoMe/1lkXc0aW/ODTPYgRb4TqotGTwUB8uy\", \"username\": \"Quis et dignissimos\", \"apartment\": \"Enim natus omnis ali\", \"last_name\": \"Francis\", \"created_at\": \"2022-09-26T23:47:11.000000Z\", \"first_name\": \"Lisandra\", \"updated_at\": \"2022-09-27T08:27:31.000000Z\", \"user_color\": \"#F25757\", \"money_per_hour\": 50, \"remember_token\": null, \"email_verified_at\": null}}',NULL,'2022-09-27 06:27:31','2022-09-27 06:27:31'),(34,'default','updated','App\\Models\\User','updated',4,'App\\Models\\User',4,'{\"old\": {\"id\": 4, \"email\": \"nudir@mailinator.com\", \"mobile\": 7777, \"address\": \"Consequatur explicab\", \"is_admin\": 0, \"password\": \"$2y$10$X82vIYWSvKtJrA.gxgQoMe/1lkXc0aW/ODTPYgRb4TqotGTwUB8uy\", \"username\": \"Quis et dignissimos\", \"apartment\": \"Enim natus omnis ali\", \"last_name\": \"Francis\", \"created_at\": \"2022-09-26T23:47:11.000000Z\", \"first_name\": \"Lisandra\", \"updated_at\": \"2022-09-27T08:27:31.000000Z\", \"user_color\": \"#F25757\", \"money_per_hour\": 50, \"remember_token\": null, \"email_verified_at\": null}, \"attributes\": {\"id\": 4, \"email\": \"nudir@mailinator.com\", \"mobile\": 777111222, \"address\": \"Consequatur explicab\", \"is_admin\": 0, \"password\": \"$2y$10$Q6hzWriUeW/rmPo6uWU23.OfGaFYSeLqLDRuR82s.Ldi2dhZuPvmy\", \"username\": \"Quis et dignissimos\", \"apartment\": \"Enim natus omnis ali\", \"last_name\": \"Francis\", \"created_at\": \"2022-09-26T23:47:11.000000Z\", \"first_name\": \"Lisandra\", \"updated_at\": \"2022-09-27T08:27:38.000000Z\", \"user_color\": \"#F25757\", \"money_per_hour\": 50, \"remember_token\": null, \"email_verified_at\": null}}',NULL,'2022-09-27 06:27:38','2022-09-27 06:27:38'),(35,'default','updated','App\\Models\\User','updated',4,'App\\Models\\User',4,'{\"old\": {\"id\": 4, \"email\": \"nudir@mailinator.com\", \"mobile\": 777111222, \"address\": \"Consequatur explicab\", \"is_admin\": 0, \"password\": \"$2y$10$Q6hzWriUeW/rmPo6uWU23.OfGaFYSeLqLDRuR82s.Ldi2dhZuPvmy\", \"username\": \"Quis et dignissimos\", \"apartment\": \"Enim natus omnis ali\", \"last_name\": \"Francis\", \"created_at\": \"2022-09-26T23:47:11.000000Z\", \"first_name\": \"Lisandra\", \"updated_at\": \"2022-09-27T08:27:38.000000Z\", \"user_color\": \"#F25757\", \"money_per_hour\": 50, \"remember_token\": null, \"email_verified_at\": null}, \"attributes\": {\"id\": 4, \"email\": \"nudir@mailinator.com\", \"mobile\": 777111222, \"address\": \"Consequatur explicab\", \"is_admin\": 0, \"password\": \"$2y$10$SRVpAbgldhcU/07up63QkuTqdv7trSi4YNdmtmk8MhkiEy4i/jna6\", \"username\": \"Quis et dignissimos\", \"apartment\": \"Enim natus omnis ali\", \"last_name\": \"Francis\", \"created_at\": \"2022-09-26T23:47:11.000000Z\", \"first_name\": \"Lisandra\", \"updated_at\": \"2022-09-27T08:28:28.000000Z\", \"user_color\": \"#F25757\", \"money_per_hour\": 50, \"remember_token\": null, \"email_verified_at\": null}}',NULL,'2022-09-27 06:28:28','2022-09-27 06:28:28'),(36,'default','updated','App\\Models\\User','updated',4,'App\\Models\\User',4,'{\"old\": {\"id\": 4, \"email\": \"nudir@mailinator.com\", \"mobile\": 777111222, \"address\": \"Consequatur explicab\", \"is_admin\": 0, \"password\": \"$2y$10$SRVpAbgldhcU/07up63QkuTqdv7trSi4YNdmtmk8MhkiEy4i/jna6\", \"username\": \"Quis et dignissimos\", \"apartment\": \"Enim natus omnis ali\", \"last_name\": \"Francis\", \"created_at\": \"2022-09-26T23:47:11.000000Z\", \"first_name\": \"Lisandra\", \"updated_at\": \"2022-09-27T08:28:28.000000Z\", \"user_color\": \"#F25757\", \"money_per_hour\": 50, \"remember_token\": null, \"email_verified_at\": null}, \"attributes\": {\"id\": 4, \"email\": \"nudir@mailinator.com\", \"mobile\": 777111222, \"address\": \"Consequatur explicab\", \"is_admin\": 0, \"password\": \"$2y$10$ZAz/eLiyoqES//wCVRrESu/k.4h7VACCZKbbAWKhvg/UuhlSl6My2\", \"username\": \"Quis et dignissimos\", \"apartment\": \"Enim natus omnis ali\", \"last_name\": \"Francis\", \"created_at\": \"2022-09-26T23:47:11.000000Z\", \"first_name\": \"Lisandra\", \"updated_at\": \"2022-09-27T08:28:31.000000Z\", \"user_color\": \"#F25757\", \"money_per_hour\": 50, \"remember_token\": null, \"email_verified_at\": null}}',NULL,'2022-09-27 06:28:31','2022-09-27 06:28:31'),(37,'default','created','App\\Models\\Company','created',3,'App\\Models\\User',4,'{\"attributes\": {\"id\": 3, \"name\": \"Iona Flowers\", \"cover_path\": \"/storage/companies/10648334_774743482566882_8263394952722196279_o.jpg\", \"created_at\": \"2022-09-27T08:33:57.000000Z\", \"updated_at\": \"2022-09-27T08:33:57.000000Z\", \"company_color\": \"#3ede15\"}}',NULL,'2022-09-27 06:33:57','2022-09-27 06:33:57'),(38,'default','created','App\\Models\\Project','created',7,'App\\Models\\User',4,'{\"attributes\": {\"id\": 7, \"name\": \"Tempor adipisci repr\", \"is_done\": 0, \"company_id\": 3, \"created_at\": \"2022-09-27T08:33:57.000000Z\", \"updated_at\": \"2022-09-27T08:33:57.000000Z\", \"type_of_job\": \"Sunt irure eos conse\", \"street_address\": \"Quos culpa itaque se\", \"address_latitude\": null, \"address_longitude\": null}}',NULL,'2022-09-27 06:33:57','2022-09-27 06:33:57'),(39,'default','created','App\\Models\\ProjectUsers','created',6,'App\\Models\\User',4,'{\"attributes\": {\"id\": 6, \"user_id\": 4, \"created_at\": \"2022-09-27T08:33:57.000000Z\", \"project_id\": 7, \"updated_at\": \"2022-09-27T08:33:57.000000Z\"}}',NULL,'2022-09-27 06:33:57','2022-09-27 06:33:57'),(40,'default','created','App\\Models\\ProjectUsers','created',7,'App\\Models\\User',4,'{\"attributes\": {\"id\": 7, \"user_id\": 3, \"created_at\": \"2022-09-27T08:33:57.000000Z\", \"project_id\": 7, \"updated_at\": \"2022-09-27T08:33:57.000000Z\"}}',NULL,'2022-09-27 06:33:57','2022-09-27 06:33:57'),(41,'default','created','App\\Models\\ProjectUsers','created',8,'App\\Models\\User',4,'{\"attributes\": {\"id\": 8, \"user_id\": 4, \"created_at\": \"2022-09-27T08:34:09.000000Z\", \"project_id\": 5, \"updated_at\": \"2022-09-27T08:34:09.000000Z\"}}',NULL,'2022-09-27 06:34:09','2022-09-27 06:34:09'),(42,'default','created','App\\Models\\ProjectUsers','created',9,'App\\Models\\User',4,'{\"attributes\": {\"id\": 9, \"user_id\": 3, \"created_at\": \"2022-09-27T08:34:11.000000Z\", \"project_id\": 5, \"updated_at\": \"2022-09-27T08:34:11.000000Z\"}}',NULL,'2022-09-27 06:34:11','2022-09-27 06:34:11'),(43,'default','created','App\\Models\\ProjectUsers','created',10,'App\\Models\\User',4,'{\"attributes\": {\"id\": 10, \"user_id\": 2, \"created_at\": \"2022-09-27T08:34:13.000000Z\", \"project_id\": 5, \"updated_at\": \"2022-09-27T08:34:13.000000Z\"}}',NULL,'2022-09-27 06:34:13','2022-09-27 06:34:13'),(44,'default','created','App\\Models\\WorkTime','created',3,'App\\Models\\User',4,'{\"attributes\": {\"id\": 3, \"job\": \"Consectetur ut omnis\", \"date\": \"1987-08-03\", \"hours\": 73, \"user_id\": 4, \"employee\": \"Lisandra Francis\", \"created_at\": \"2022-09-27T08:34:36.000000Z\", \"project_id\": 7, \"updated_at\": \"2022-09-27T08:34:36.000000Z\", \"project_name\": \"Tempor adipisci repr\", \"money_per_hour\": 50}}',NULL,'2022-09-27 06:34:36','2022-09-27 06:34:36'),(45,'default','created','App\\Models\\WorkTime','created',4,'App\\Models\\User',4,'{\"attributes\": {\"id\": 4, \"job\": \"Sed quia quasi sed a\", \"date\": \"1994-05-30\", \"hours\": 48, \"user_id\": 4, \"employee\": \"Lisandra Francis\", \"created_at\": \"2022-09-27T08:34:39.000000Z\", \"project_id\": 7, \"updated_at\": \"2022-09-27T08:34:39.000000Z\", \"project_name\": \"Tempor adipisci repr\", \"money_per_hour\": 50}}',NULL,'2022-09-27 06:34:39','2022-09-27 06:34:39'),(46,'default','created','App\\Models\\User','created',5,NULL,NULL,'{\"attributes\": {\"id\": 5, \"email\": \"gunaviqe@mailinator.com\", \"mobile\": 0, \"address\": null, \"is_admin\": 0, \"password\": \"$2y$10$TgGmK6tRjiIYva.HGTTBMO/LWCdLMC1Y6UWuJyEijKBTSohpdCKb.\", \"username\": \"roboc\", \"apartment\": null, \"last_name\": \"Sanchez\", \"created_at\": \"2022-09-27T16:04:43.000000Z\", \"first_name\": \"Plato\", \"updated_at\": \"2022-09-27T16:04:43.000000Z\", \"user_color\": \"#F25757\", \"money_per_hour\": 150, \"remember_token\": null, \"email_verified_at\": null}}',NULL,'2022-09-27 14:04:43','2022-09-27 14:04:43'),(47,'default','created','App\\Models\\Company','created',4,'App\\Models\\User',5,'{\"attributes\": {\"id\": 4, \"name\": \"Sierra Cameron\", \"cover_path\": \"/storage/companies/20161230_175622000_iOS.jpg\", \"created_at\": \"2022-09-27T16:06:53.000000Z\", \"updated_at\": \"2022-09-27T16:06:53.000000Z\", \"company_color\": \"#dc7077\"}}',NULL,'2022-09-27 14:06:53','2022-09-27 14:06:53'),(48,'default','updated','App\\Models\\User','updated',1,'App\\Models\\User',5,'{\"old\": {\"id\": 1, \"email\": \"xijodof@mailinator.com\", \"mobile\": 730681670, \"address\": \"test\", \"is_admin\": 0, \"password\": \"$2y$10$bGxcbTCAG5kKHs3p2u3Pl.yBGxzUmnhudsW6BKoamdrrusCV6K6.e\", \"username\": \"Dolorum ut t\", \"apartment\": \"tesst\", \"last_name\": \"Barlow\", \"created_at\": \"2022-09-26T23:26:04.000000Z\", \"first_name\": \"Orlando\", \"updated_at\": \"2022-09-26T23:59:22.000000Z\", \"user_color\": \"#F25757\", \"money_per_hour\": 8, \"remember_token\": null, \"email_verified_at\": null}, \"attributes\": {\"id\": 1, \"email\": \"xijodof@mailinator.com\", \"mobile\": 730681670, \"address\": \"Báblerovo náměstí\", \"is_admin\": 0, \"password\": \"$2y$10$bGxcbTCAG5kKHs3p2u3Pl.yBGxzUmnhudsW6BKoamdrrusCV6K6.e\", \"username\": \"Dolorum ut t\", \"apartment\": \"16/4\", \"last_name\": \"Barlow\", \"created_at\": \"2022-09-26T23:26:04.000000Z\", \"first_name\": \"Orlando\", \"updated_at\": \"2022-09-27T16:12:06.000000Z\", \"user_color\": \"#F25757\", \"money_per_hour\": 8, \"remember_token\": null, \"email_verified_at\": null}}',NULL,'2022-09-27 14:12:06','2022-09-27 14:12:06'),(49,'default','created','App\\Models\\WorkTime','created',5,'App\\Models\\User',5,'{\"attributes\": {\"id\": 5, \"job\": \"Labore vero do eos\", \"date\": \"1980-12-19\", \"hours\": 87, \"user_id\": 5, \"employee\": \"Plato Sanchez\", \"created_at\": \"2022-09-27T16:16:03.000000Z\", \"project_id\": 4, \"updated_at\": \"2022-09-27T16:16:03.000000Z\", \"project_name\": \"asdasdasd\", \"money_per_hour\": 35}}',NULL,'2022-09-27 14:16:04','2022-09-27 14:16:04'),(50,'default','created','App\\Models\\WorkTime','created',6,'App\\Models\\User',5,'{\"attributes\": {\"id\": 6, \"job\": \"Labore vero do eos as\", \"date\": \"1980-12-19\", \"hours\": 87, \"user_id\": 5, \"employee\": \"Plato Sanchez\", \"created_at\": \"2022-09-27T16:16:09.000000Z\", \"project_id\": 4, \"updated_at\": \"2022-09-27T16:16:09.000000Z\", \"project_name\": \"asdasdasd\", \"money_per_hour\": 35}}',NULL,'2022-09-27 14:16:09','2022-09-27 14:16:09'),(51,'default','updated','App\\Models\\User','updated',1,'App\\Models\\User',5,'{\"old\": {\"id\": 1, \"email\": \"xijodof@mailinator.com\", \"mobile\": 730681670, \"address\": \"Báblerovo náměstí\", \"is_admin\": 0, \"password\": \"$2y$10$bGxcbTCAG5kKHs3p2u3Pl.yBGxzUmnhudsW6BKoamdrrusCV6K6.e\", \"username\": \"Dolorum ut t\", \"apartment\": \"16/4\", \"last_name\": \"Barlow\", \"created_at\": \"2022-09-26T23:26:04.000000Z\", \"first_name\": \"Orlando\", \"updated_at\": \"2022-09-27T16:12:06.000000Z\", \"user_color\": \"#F25757\", \"money_per_hour\": 8, \"remember_token\": null, \"email_verified_at\": null}, \"attributes\": {\"id\": 1, \"email\": \"xijodof@mailinator.com\", \"mobile\": 730681670, \"address\": null, \"is_admin\": 0, \"password\": \"$2y$10$bGxcbTCAG5kKHs3p2u3Pl.yBGxzUmnhudsW6BKoamdrrusCV6K6.e\", \"username\": \"Dolorum ut t\", \"apartment\": null, \"last_name\": \"Barlow\", \"created_at\": \"2022-09-26T23:26:04.000000Z\", \"first_name\": \"Orlando\", \"updated_at\": \"2022-09-27T16:33:57.000000Z\", \"user_color\": \"#F25757\", \"money_per_hour\": 8, \"remember_token\": null, \"email_verified_at\": null}}',NULL,'2022-09-27 14:33:57','2022-09-27 14:33:57'),(52,'default','created','App\\Models\\ProjectUsers','created',11,'App\\Models\\User',5,'{\"attributes\": {\"id\": 11, \"user_id\": 3, \"created_at\": \"2022-09-27T17:20:04.000000Z\", \"project_id\": 4, \"updated_at\": \"2022-09-27T17:20:04.000000Z\"}}',NULL,'2022-09-27 15:20:04','2022-09-27 15:20:04'),(53,'default','created','App\\Models\\WorkTime','created',7,'App\\Models\\User',5,'{\"attributes\": {\"id\": 7, \"job\": \"asdasd\", \"date\": \"2022-09-08\", \"hours\": 8, \"user_id\": 2, \"employee\": \"Hope Hartman\", \"created_at\": \"2022-09-27T17:26:05.000000Z\", \"project_id\": 4, \"updated_at\": \"2022-09-27T17:26:05.000000Z\", \"project_name\": \"asdasdasd\", \"money_per_hour\": 150}}',NULL,'2022-09-27 15:26:05','2022-09-27 15:26:05'),(54,'default','created','App\\Models\\WorkTime','created',8,'App\\Models\\User',5,'{\"attributes\": {\"id\": 8, \"job\": \"asdasdasd\", \"date\": \"2022-09-08\", \"hours\": 8, \"user_id\": 2, \"employee\": \"Hope Hartman\", \"created_at\": \"2022-09-27T17:26:10.000000Z\", \"project_id\": 4, \"updated_at\": \"2022-09-27T17:26:10.000000Z\", \"project_name\": \"asdasdasd\", \"money_per_hour\": 150}}',NULL,'2022-09-27 15:26:10','2022-09-27 15:26:10'),(55,'default','created','App\\Models\\WorkTime','created',9,'App\\Models\\User',5,'{\"attributes\": {\"id\": 9, \"job\": \"A est vitae accusam\", \"date\": \"1986-06-25\", \"hours\": 8, \"user_id\": 3, \"employee\": \"Mona Whitaker\", \"created_at\": \"2022-09-27T17:26:26.000000Z\", \"project_id\": 4, \"updated_at\": \"2022-09-27T17:26:26.000000Z\", \"project_name\": \"asdasdasd\", \"money_per_hour\": 150}}',NULL,'2022-09-27 15:26:26','2022-09-27 15:26:26'),(56,'default','created','App\\Models\\WorkTime','created',10,'App\\Models\\User',5,'{\"attributes\": {\"id\": 10, \"job\": \"A est vitae accusams\", \"date\": \"1986-06-25\", \"hours\": 8, \"user_id\": 3, \"employee\": \"Mona Whitaker\", \"created_at\": \"2022-09-27T17:26:31.000000Z\", \"project_id\": 4, \"updated_at\": \"2022-09-27T17:26:31.000000Z\", \"project_name\": \"asdasdasd\", \"money_per_hour\": 150}}',NULL,'2022-09-27 15:26:31','2022-09-27 15:26:31'),(57,'default','deleted','App\\Models\\WorkTime','deleted',1,'App\\Models\\User',5,'{\"old\": {\"id\": 1, \"job\": \"Itaque cumque facere\", \"date\": \"2016-09-13\", \"hours\": 46, \"user_id\": 2, \"employee\": \"Hope Hartman\", \"created_at\": \"2022-09-26T23:30:41.000000Z\", \"project_id\": 5, \"updated_at\": \"2022-09-26T23:30:41.000000Z\", \"project_name\": \"asdasda\", \"money_per_hour\": 90}}',NULL,'2022-09-27 15:27:52','2022-09-27 15:27:52'),(58,'default','deleted','App\\Models\\WorkTime','deleted',2,'App\\Models\\User',5,'{\"old\": {\"id\": 2, \"job\": \"Esse labore sunt el\", \"date\": \"2007-12-21\", \"hours\": 40, \"user_id\": 2, \"employee\": \"Hope Hartman\", \"created_at\": \"2022-09-26T23:30:45.000000Z\", \"project_id\": 6, \"updated_at\": \"2022-09-26T23:30:45.000000Z\", \"project_name\": \"Non eius sed dolorem\", \"money_per_hour\": 83}}',NULL,'2022-09-27 16:04:40','2022-09-27 16:04:40'),(59,'default','deleted','App\\Models\\WorkTime','deleted',3,'App\\Models\\User',5,'{\"old\": {\"id\": 3, \"job\": \"Consectetur ut omnis\", \"date\": \"1987-08-03\", \"hours\": 73, \"user_id\": 4, \"employee\": \"Lisandra Francis\", \"created_at\": \"2022-09-27T08:34:36.000000Z\", \"project_id\": 7, \"updated_at\": \"2022-09-27T08:34:36.000000Z\", \"project_name\": \"Tempor adipisci repr\", \"money_per_hour\": 50}}',NULL,'2022-09-27 16:04:44','2022-09-27 16:04:44'),(60,'default','updated','App\\Models\\User','updated',4,'App\\Models\\User',5,'{\"old\": {\"id\": 4, \"email\": \"nudir@mailinator.com\", \"mobile\": 777111222, \"address\": \"Consequatur explicab\", \"is_admin\": 0, \"password\": \"password\", \"username\": \"Quis et dignissimos\", \"apartment\": \"Enim natus omnis ali\", \"last_name\": \"Francis\", \"created_at\": \"2022-09-26T23:47:11.000000Z\", \"first_name\": \"Lisandra\", \"updated_at\": \"2022-09-27T08:28:31.000000Z\", \"user_color\": \"#F25757\", \"money_per_hour\": 50, \"remember_token\": null, \"email_verified_at\": null}, \"attributes\": {\"id\": 4, \"email\": \"nudir@mailinator.com\", \"mobile\": 777111222, \"address\": \"Consequatur explicab\", \"is_admin\": 0, \"password\": \"$2y$10$gJGZ6ennZvbwSvFlix4lXeOagKKR1MRvr7WiTToT/XfH.eX1WMaNu\", \"username\": \"Quis et dignissimos\", \"apartment\": \"Enim natus omnis ali\", \"last_name\": \"Francis\", \"created_at\": \"2022-09-26T23:47:11.000000Z\", \"first_name\": \"Lisandra\", \"updated_at\": \"2022-09-27T18:36:51.000000Z\", \"user_color\": \"#F25757\", \"money_per_hour\": 50, \"remember_token\": null, \"email_verified_at\": null}}',NULL,'2022-09-27 16:36:51','2022-09-27 16:36:51'),(61,'default','updated','App\\Models\\User','updated',4,'App\\Models\\User',5,'{\"old\": {\"id\": 4, \"email\": \"nudir@mailinator.com\", \"mobile\": 777111222, \"address\": \"Consequatur explicab\", \"is_admin\": 0, \"password\": \"$2y$10$gJGZ6ennZvbwSvFlix4lXeOagKKR1MRvr7WiTToT/XfH.eX1WMaNu\", \"username\": \"Quis et dignissimos\", \"apartment\": \"Enim natus omnis ali\", \"last_name\": \"Francis\", \"created_at\": \"2022-09-26T23:47:11.000000Z\", \"first_name\": \"Lisandra\", \"updated_at\": \"2022-09-27T18:36:51.000000Z\", \"user_color\": \"#F25757\", \"money_per_hour\": 50, \"remember_token\": null, \"email_verified_at\": null}, \"attributes\": {\"id\": 4, \"email\": \"nudir@mailinator.com\", \"mobile\": 777111222, \"address\": \"Consequatur explicab\", \"is_admin\": 0, \"password\": \"$2y$10$2cfX47Eomy38J95S6ujjb.eqUDn9kYLUa0R3lUg2sjS4PlCU62mtG\", \"username\": \"Quis et dignissimos\", \"apartment\": \"Enim natus omnis ali\", \"last_name\": \"Francis\", \"created_at\": \"2022-09-26T23:47:11.000000Z\", \"first_name\": \"Lisandra\", \"updated_at\": \"2022-09-27T18:36:55.000000Z\", \"user_color\": \"#F25757\", \"money_per_hour\": 50, \"remember_token\": null, \"email_verified_at\": null}}',NULL,'2022-09-27 16:36:55','2022-09-27 16:36:55'),(62,'default','updated','App\\Models\\Company','updated',1,'App\\Models\\User',5,'{\"old\": {\"id\": 1, \"name\": \"Josephine Ward\", \"cover_path\": \"/storage/companies/10648334_774743482566882_8263394952722196279_o.jpg\", \"created_at\": \"2022-09-26T23:15:30.000000Z\", \"updated_at\": \"2022-09-26T23:15:30.000000Z\", \"company_color\": \"#c82c1e\"}, \"attributes\": {\"id\": 1, \"name\": \"Josephine Wardasd\", \"cover_path\": \"/storage/companies/10648334_774743482566882_8263394952722196279_o.jpg\", \"created_at\": \"2022-09-26T23:15:30.000000Z\", \"updated_at\": \"2022-09-27T22:53:58.000000Z\", \"company_color\": \"#c82c1e\"}}',NULL,'2022-09-27 20:53:58','2022-09-27 20:53:58'),(63,'default','created','App\\Models\\ProjectUsers','created',12,'App\\Models\\User',5,'{\"attributes\": {\"id\": 12, \"user_id\": 5, \"created_at\": \"2022-09-27T23:43:28.000000Z\", \"project_id\": 4, \"updated_at\": \"2022-09-27T23:43:28.000000Z\"}}',NULL,'2022-09-27 21:43:29','2022-09-27 21:43:29'),(64,'default','created','App\\Models\\Company','created',5,'App\\Models\\User',1,'{\"attributes\": {\"id\": 5, \"name\": \"Brent Freeman\", \"cover_path\": \"/storage/companies/20170221_160137000_iOS.jpg\", \"created_at\": \"2022-09-30T16:03:45.000000Z\", \"updated_at\": \"2022-09-30T16:03:45.000000Z\", \"company_color\": \"#48496a\"}}',NULL,'2022-09-30 14:03:45','2022-09-30 14:03:45'),(65,'default','created','App\\Models\\Project','created',8,'App\\Models\\User',1,'{\"attributes\": {\"id\": 8, \"name\": \"Assumenda non a dolo\", \"is_done\": 0, \"company_id\": 2, \"created_at\": \"2022-09-30T16:04:17.000000Z\", \"updated_at\": \"2022-09-30T16:04:17.000000Z\", \"type_of_job\": \"Dolores molestias do\", \"street_address\": \"Ut temporibus facili\", \"address_latitude\": null, \"address_longitude\": null}}',NULL,'2022-09-30 14:04:17','2022-09-30 14:04:17'),(66,'default','updated','App\\Models\\User','updated',2,'App\\Models\\User',1,'{\"old\": {\"id\": 2, \"email\": \"feqafetu@mailinator.com\", \"mobile\": 39, \"address\": \"bablerovonamesti\", \"is_admin\": 1, \"password\": \"$2y$10$/CQ.lIQalPxRVtUp0lnCtOuIDoNrkT62xyBWJ7jTpkUj6lW9BGdIa\", \"username\": \"Consequat Deleniti\", \"apartment\": \"16\", \"last_name\": \"Hartman\", \"created_at\": \"2022-09-26T23:26:26.000000Z\", \"first_name\": \"Hope\", \"updated_at\": \"2022-09-26T23:44:44.000000Z\", \"user_color\": \"#F25757\", \"money_per_hour\": 150, \"remember_token\": null, \"email_verified_at\": null}, \"attributes\": {\"id\": 2, \"email\": \"feqafetu@mailinator.com\", \"mobile\": 603776655, \"address\": \"bablerovonamesti\", \"is_admin\": 1, \"password\": \"$2y$10$/CQ.lIQalPxRVtUp0lnCtOuIDoNrkT62xyBWJ7jTpkUj6lW9BGdIa\", \"username\": \"Consequat Deleniti\", \"apartment\": \"16\", \"last_name\": \"Hartman\", \"created_at\": \"2022-09-26T23:26:26.000000Z\", \"first_name\": \"Hope\", \"updated_at\": \"2022-09-30T16:07:28.000000Z\", \"user_color\": \"#F25757\", \"money_per_hour\": 150, \"remember_token\": null, \"email_verified_at\": null}}',NULL,'2022-09-30 14:07:28','2022-09-30 14:07:28'),(67,'default','updated','App\\Models\\User','updated',3,'App\\Models\\User',1,'{\"old\": {\"id\": 3, \"email\": \"gonofyta@mailinator.com\", \"mobile\": 72, \"address\": \"Quo est voluptas qu\", \"is_admin\": 0, \"password\": \"$2y$10$GVAnGY8TEd1TSX4xN.vtuuLJ7EGpnotj4zWB8e9jbtimNpULWjCqi\", \"username\": \"Sunt quis reprehend\", \"apartment\": \"Assumenda vel nulla\", \"last_name\": \"Whitaker\", \"created_at\": \"2022-09-26T23:47:00.000000Z\", \"first_name\": \"Mona\", \"updated_at\": \"2022-09-26T23:47:00.000000Z\", \"user_color\": \"#F25757\", \"money_per_hour\": 89, \"remember_token\": null, \"email_verified_at\": null}, \"attributes\": {\"id\": 3, \"email\": \"gonofyta@mailinator.com\", \"mobile\": 111222333, \"address\": \"Quo est voluptas qu\", \"is_admin\": 0, \"password\": \"$2y$10$GVAnGY8TEd1TSX4xN.vtuuLJ7EGpnotj4zWB8e9jbtimNpULWjCqi\", \"username\": \"Sunt quis reprehend\", \"apartment\": \"Assumenda vel nulla\", \"last_name\": \"Whitaker\", \"created_at\": \"2022-09-26T23:47:00.000000Z\", \"first_name\": \"Mona\", \"updated_at\": \"2022-09-30T16:07:33.000000Z\", \"user_color\": \"#F25757\", \"money_per_hour\": 89, \"remember_token\": null, \"email_verified_at\": null}}',NULL,'2022-09-30 14:07:33','2022-09-30 14:07:33'),(68,'default','created','App\\Models\\Company','created',6,'App\\Models\\User',1,'{\"attributes\": {\"id\": 6, \"name\": \"Ashton Fernandez\", \"cover_path\": \"/storage/companies/10648334_774743482566882_8263394952722196279_o.jpg\", \"created_at\": \"2022-10-03T17:40:33.000000Z\", \"updated_at\": \"2022-10-03T17:40:33.000000Z\", \"company_color\": \"#3000f7\"}}',NULL,'2022-10-03 15:40:34','2022-10-03 15:40:34'),(69,'default','created','App\\Models\\Company','created',7,'App\\Models\\User',1,'{\"attributes\": {\"id\": 7, \"name\": \"Ashton Fernandezasd\", \"cover_path\": \"/storage/companies/10648334_774743482566882_8263394952722196279_o.jpg\", \"created_at\": \"2022-10-03T17:40:50.000000Z\", \"updated_at\": \"2022-10-03T17:40:50.000000Z\", \"company_color\": \"#3000f7\"}}',NULL,'2022-10-03 15:40:50','2022-10-03 15:40:50'),(70,'default','created','App\\Models\\Project','created',9,'App\\Models\\User',1,'{\"attributes\": {\"id\": 9, \"name\": \"Odit qui in eius odi\", \"is_done\": 0, \"company_id\": 7, \"created_at\": \"2022-10-03T17:40:50.000000Z\", \"updated_at\": \"2022-10-03T17:40:50.000000Z\", \"type_of_job\": \"Quia id non aliquam\", \"street_address\": \"Illum voluptatibus\", \"address_latitude\": null, \"address_longitude\": null}}',NULL,'2022-10-03 15:40:50','2022-10-03 15:40:50'),(71,'default','created','App\\Models\\ProjectUsers','created',13,'App\\Models\\User',1,'{\"attributes\": {\"id\": 13, \"user_id\": 4, \"created_at\": \"2022-10-03T17:40:50.000000Z\", \"project_id\": 9, \"updated_at\": \"2022-10-03T17:40:50.000000Z\"}}',NULL,'2022-10-03 15:40:50','2022-10-03 15:40:50'),(72,'default','created','App\\Models\\Company','created',8,'App\\Models\\User',1,'{\"attributes\": {\"id\": 8, \"name\": \"Martha Cohen\", \"cover_path\": \"/storage/companies/20170221_160137000_iOS.jpg\", \"created_at\": \"2022-10-03T18:02:18.000000Z\", \"updated_at\": \"2022-10-03T18:02:18.000000Z\", \"company_color\": \"#0ace93\"}}',NULL,'2022-10-03 16:02:18','2022-10-03 16:02:18'),(73,'default','created','App\\Models\\Project','created',10,'App\\Models\\User',1,'{\"attributes\": {\"id\": 10, \"name\": \"Ipsum eos accusanti\", \"is_done\": 0, \"company_id\": 8, \"created_at\": \"2022-10-03T18:02:18.000000Z\", \"updated_at\": \"2022-10-03T18:02:18.000000Z\", \"type_of_job\": \"Ab a sit in in\", \"street_address\": \"Veniam non ratione\", \"address_latitude\": null, \"address_longitude\": null}}',NULL,'2022-10-03 16:02:18','2022-10-03 16:02:18'),(74,'default','created','App\\Models\\Company','created',9,'App\\Models\\User',1,'{\"attributes\": {\"id\": 9, \"name\": \"Taylor Lott\", \"cover_path\": \"/storage/companies/10648334_774743482566882_8263394952722196279_o.jpg\", \"created_at\": \"2022-10-03T18:13:22.000000Z\", \"updated_at\": \"2022-10-03T18:13:22.000000Z\", \"company_color\": \"#e09d0c\"}}',NULL,'2022-10-03 16:13:22','2022-10-03 16:13:22'),(75,'default','created','App\\Models\\Project','created',11,'App\\Models\\User',1,'{\"attributes\": {\"id\": 11, \"name\": \"Nostrud non dolore e\", \"is_done\": 0, \"company_id\": 9, \"created_at\": \"2022-10-03T18:13:22.000000Z\", \"updated_at\": \"2022-10-03T18:13:22.000000Z\", \"type_of_job\": \"Repudiandae dolore r\", \"street_address\": \"Dolor duis voluptate\", \"address_latitude\": null, \"address_longitude\": null}}',NULL,'2022-10-03 16:13:22','2022-10-03 16:13:22'),(76,'default','created','App\\Models\\ProjectUsers','created',15,'App\\Models\\User',1,'{\"attributes\": {\"id\": 15, \"user_id\": 5, \"created_at\": \"2022-10-03T18:13:22.000000Z\", \"project_id\": 11, \"updated_at\": \"2022-10-03T18:13:22.000000Z\"}}',NULL,'2022-10-03 16:13:22','2022-10-03 16:13:22'),(77,'default','updated','App\\Models\\Project','updated',4,'App\\Models\\User',1,'{\"old\": {\"id\": 4, \"name\": \"asdasdasd\", \"is_done\": 0, \"company_id\": 1, \"created_at\": \"2022-09-26T23:24:04.000000Z\", \"updated_at\": \"2022-09-26T23:36:07.000000Z\", \"type_of_job\": \"asdasd\", \"street_address\": \"asdasd\", \"address_latitude\": null, \"address_longitude\": null}, \"attributes\": {\"id\": 4, \"name\": \"asdasdasd\", \"is_done\": 1, \"company_id\": 1, \"created_at\": \"2022-09-26T23:24:04.000000Z\", \"updated_at\": \"2022-10-04T15:37:53.000000Z\", \"type_of_job\": \"asdasd\", \"street_address\": \"asdasd\", \"address_latitude\": null, \"address_longitude\": null}}',NULL,'2022-10-04 13:37:54','2022-10-04 13:37:54'),(78,'default','updated','App\\Models\\WorkTime','updated',5,'App\\Models\\User',1,'{\"old\": {\"id\": 5, \"job\": \"Labore vero do eos\", \"date\": \"1980-12-19\", \"hours\": 87, \"user_id\": 5, \"employee\": \"Plato Sanchez\", \"created_at\": \"2022-09-27T16:16:03.000000Z\", \"project_id\": 4, \"updated_at\": \"2022-09-27T16:16:03.000000Z\", \"project_name\": \"asdasdasd\", \"money_per_hour\": 35}, \"attributes\": {\"id\": 5, \"job\": \"Labore vero do eos\", \"date\": \"1980-12-19\", \"hours\": 87, \"user_id\": 5, \"employee\": \"Plato Sanchez\", \"created_at\": \"2022-09-27T16:16:03.000000Z\", \"project_id\": 5, \"updated_at\": \"2022-10-04T15:51:37.000000Z\", \"project_name\": \"asdasda\", \"money_per_hour\": 35}}',NULL,'2022-10-04 13:51:37','2022-10-04 13:51:37'),(79,'default','updated','App\\Models\\WorkTime','updated',5,'App\\Models\\User',1,'{\"old\": {\"id\": 5, \"job\": \"Labore vero do eos\", \"date\": \"1980-12-19\", \"hours\": 87, \"user_id\": 5, \"employee\": \"Plato Sanchez\", \"created_at\": \"2022-09-27T16:16:03.000000Z\", \"project_id\": 5, \"updated_at\": \"2022-10-04T15:51:37.000000Z\", \"project_name\": \"asdasda\", \"money_per_hour\": 35}, \"attributes\": {\"id\": 5, \"job\": \"Labore vero do eos\", \"date\": \"1980-12-19\", \"hours\": 87, \"user_id\": 5, \"employee\": \"Plato Sanchez\", \"created_at\": \"2022-09-27T16:16:03.000000Z\", \"project_id\": 8, \"updated_at\": \"2022-10-04T15:58:45.000000Z\", \"project_name\": \"Assumenda non a dolo\", \"money_per_hour\": 35}}',NULL,'2022-10-04 13:58:45','2022-10-04 13:58:45'),(80,'default','updated','App\\Models\\WorkTime','updated',4,'App\\Models\\User',1,'{\"old\": {\"id\": 4, \"job\": \"Sed quia quasi sed a\", \"date\": \"1994-05-30\", \"hours\": 48, \"user_id\": 4, \"employee\": \"Lisandra Francis\", \"created_at\": \"2022-09-27T08:34:39.000000Z\", \"project_id\": 7, \"updated_at\": \"2022-09-27T08:34:39.000000Z\", \"project_name\": \"Tempor adipisci repr\", \"money_per_hour\": 50}, \"attributes\": {\"id\": 4, \"job\": \"Sed quia quasi sed a\", \"date\": \"1994-05-30\", \"hours\": 48, \"user_id\": 4, \"employee\": \"Lisandra Francis\", \"created_at\": \"2022-09-27T08:34:39.000000Z\", \"project_id\": 11, \"updated_at\": \"2022-10-04T15:58:54.000000Z\", \"project_name\": \"Nostrud non dolore e\", \"money_per_hour\": 50}}',NULL,'2022-10-04 13:58:54','2022-10-04 13:58:54'),(81,'default','updated','App\\Models\\WorkTime','updated',6,'App\\Models\\User',1,'{\"old\": {\"id\": 6, \"job\": \"Labore vero do eos as\", \"date\": \"1980-12-19\", \"hours\": 87, \"user_id\": 5, \"employee\": \"Plato Sanchez\", \"created_at\": \"2022-09-27T16:16:09.000000Z\", \"project_id\": 4, \"updated_at\": \"2022-09-27T16:16:09.000000Z\", \"project_name\": \"asdasdasd\", \"money_per_hour\": 35}, \"attributes\": {\"id\": 6, \"job\": \"Labore vero do eos as\", \"date\": \"1980-12-19\", \"hours\": 87, \"user_id\": 5, \"employee\": \"Plato Sanchez\", \"created_at\": \"2022-09-27T16:16:09.000000Z\", \"project_id\": 8, \"updated_at\": \"2022-10-04T15:59:02.000000Z\", \"project_name\": \"Assumenda non a dolo\", \"money_per_hour\": 35}}',NULL,'2022-10-04 13:59:02','2022-10-04 13:59:02'),(82,'default','updated','App\\Models\\WorkTime','updated',7,'App\\Models\\User',1,'{\"old\": {\"id\": 7, \"job\": \"asdasd\", \"date\": \"2022-09-08\", \"hours\": 8, \"user_id\": 2, \"employee\": \"Hope Hartman\", \"created_at\": \"2022-09-27T17:26:05.000000Z\", \"project_id\": 4, \"updated_at\": \"2022-09-27T17:26:05.000000Z\", \"project_name\": \"asdasdasd\", \"money_per_hour\": 150}, \"attributes\": {\"id\": 7, \"job\": \"asdasd\", \"date\": \"2022-09-08\", \"hours\": 8, \"user_id\": 2, \"employee\": \"Hope Hartman\", \"created_at\": \"2022-09-27T17:26:05.000000Z\", \"project_id\": 7, \"updated_at\": \"2022-10-04T15:59:15.000000Z\", \"project_name\": \"Tempor adipisci repr\", \"money_per_hour\": 150}}',NULL,'2022-10-04 13:59:15','2022-10-04 13:59:15'),(83,'default','updated','App\\Models\\WorkTime','updated',8,'App\\Models\\User',1,'{\"old\": {\"id\": 8, \"job\": \"asdasdasd\", \"date\": \"2022-09-08\", \"hours\": 8, \"user_id\": 2, \"employee\": \"Hope Hartman\", \"created_at\": \"2022-09-27T17:26:10.000000Z\", \"project_id\": 4, \"updated_at\": \"2022-09-27T17:26:10.000000Z\", \"project_name\": \"asdasdasd\", \"money_per_hour\": 150}, \"attributes\": {\"id\": 8, \"job\": \"asdasdasd\", \"date\": \"2022-09-08\", \"hours\": 8, \"user_id\": 2, \"employee\": \"Hope Hartman\", \"created_at\": \"2022-09-27T17:26:10.000000Z\", \"project_id\": 5, \"updated_at\": \"2022-10-04T15:59:23.000000Z\", \"project_name\": \"asdasda\", \"money_per_hour\": 150}}',NULL,'2022-10-04 13:59:23','2022-10-04 13:59:23'),(84,'default','updated','App\\Models\\WorkTime','updated',10,'App\\Models\\User',1,'{\"old\": {\"id\": 10, \"job\": \"A est vitae accusams\", \"date\": \"1986-06-25\", \"hours\": 8, \"user_id\": 3, \"employee\": \"Mona Whitaker\", \"created_at\": \"2022-09-27T17:26:31.000000Z\", \"project_id\": 4, \"updated_at\": \"2022-09-27T17:26:31.000000Z\", \"project_name\": \"asdasdasd\", \"money_per_hour\": 150}, \"attributes\": {\"id\": 10, \"job\": \"A est vitae accusams\", \"date\": \"1986-06-25\", \"hours\": 8, \"user_id\": 3, \"employee\": \"Mona Whitaker\", \"created_at\": \"2022-09-27T17:26:31.000000Z\", \"project_id\": 5, \"updated_at\": \"2022-10-04T15:59:27.000000Z\", \"project_name\": \"asdasda\", \"money_per_hour\": 150}}',NULL,'2022-10-04 13:59:27','2022-10-04 13:59:27'),(85,'default','updated','App\\Models\\WorkTime','updated',4,'App\\Models\\User',1,'{\"old\": {\"id\": 4, \"job\": \"Sed quia quasi sed a\", \"date\": \"1994-05-30\", \"hours\": 48, \"user_id\": 4, \"employee\": \"Lisandra Francis\", \"created_at\": \"2022-09-27T08:34:39.000000Z\", \"project_id\": 11, \"updated_at\": \"2022-10-04T15:58:54.000000Z\", \"project_name\": \"Nostrud non dolore e\", \"money_per_hour\": 50}, \"attributes\": {\"id\": 4, \"job\": \"Sed quia quasi sed a\", \"date\": \"1994-05-30\", \"hours\": 48, \"user_id\": 1, \"employee\": \"Orlando Barlow\", \"created_at\": \"2022-09-27T08:34:39.000000Z\", \"project_id\": 11, \"updated_at\": \"2022-10-04T17:11:14.000000Z\", \"project_name\": \"Nostrud non dolore e\", \"money_per_hour\": 50}}',NULL,'2022-10-04 15:11:14','2022-10-04 15:11:14'),(86,'default','updated','App\\Models\\WorkTime','updated',5,'App\\Models\\User',1,'{\"old\": {\"id\": 5, \"job\": \"Labore vero do eos\", \"date\": \"1980-12-19\", \"hours\": 87, \"user_id\": 5, \"employee\": \"Plato Sanchez\", \"created_at\": \"2022-09-27T16:16:03.000000Z\", \"project_id\": 8, \"updated_at\": \"2022-10-04T15:58:45.000000Z\", \"project_name\": \"Assumenda non a dolo\", \"money_per_hour\": 35}, \"attributes\": {\"id\": 5, \"job\": \"Labore vero do eos\", \"date\": \"1980-12-19\", \"hours\": 87, \"user_id\": 1, \"employee\": \"Orlando Barlow\", \"created_at\": \"2022-09-27T16:16:03.000000Z\", \"project_id\": 8, \"updated_at\": \"2022-10-04T17:11:17.000000Z\", \"project_name\": \"Assumenda non a dolo\", \"money_per_hour\": 35}}',NULL,'2022-10-04 15:11:17','2022-10-04 15:11:17'),(87,'default','updated','App\\Models\\WorkTime','updated',6,'App\\Models\\User',1,'{\"old\": {\"id\": 6, \"job\": \"Labore vero do eos as\", \"date\": \"1980-12-19\", \"hours\": 87, \"user_id\": 5, \"employee\": \"Plato Sanchez\", \"created_at\": \"2022-09-27T16:16:09.000000Z\", \"project_id\": 8, \"updated_at\": \"2022-10-04T15:59:02.000000Z\", \"project_name\": \"Assumenda non a dolo\", \"money_per_hour\": 35}, \"attributes\": {\"id\": 6, \"job\": \"Labore vero do eos as\", \"date\": \"1980-12-19\", \"hours\": 87, \"user_id\": 1, \"employee\": \"Orlando Barlow\", \"created_at\": \"2022-09-27T16:16:09.000000Z\", \"project_id\": 8, \"updated_at\": \"2022-10-04T17:11:20.000000Z\", \"project_name\": \"Assumenda non a dolo\", \"money_per_hour\": 35}}',NULL,'2022-10-04 15:11:20','2022-10-04 15:11:20'),(88,'default','updated','App\\Models\\WorkTime','updated',7,'App\\Models\\User',1,'{\"old\": {\"id\": 7, \"job\": \"asdasd\", \"date\": \"2022-09-08\", \"hours\": 8, \"user_id\": 2, \"employee\": \"Hope Hartman\", \"created_at\": \"2022-09-27T17:26:05.000000Z\", \"project_id\": 7, \"updated_at\": \"2022-10-04T15:59:15.000000Z\", \"project_name\": \"Tempor adipisci repr\", \"money_per_hour\": 150}, \"attributes\": {\"id\": 7, \"job\": \"asdasd\", \"date\": \"2022-09-08\", \"hours\": 8, \"user_id\": 1, \"employee\": \"Orlando Barlow\", \"created_at\": \"2022-09-27T17:26:05.000000Z\", \"project_id\": 4, \"updated_at\": \"2022-10-04T17:11:24.000000Z\", \"project_name\": \"asdasdasd\", \"money_per_hour\": 150}}',NULL,'2022-10-04 15:11:24','2022-10-04 15:11:24'),(89,'default','updated','App\\Models\\WorkTime','updated',6,'App\\Models\\User',1,'{\"old\": {\"id\": 6, \"job\": \"Labore vero do eos as\", \"date\": \"1980-12-19\", \"hours\": 87, \"user_id\": 1, \"employee\": \"Orlando Barlow\", \"created_at\": \"2022-09-27T16:16:09.000000Z\", \"project_id\": 8, \"updated_at\": \"2022-10-04T17:11:20.000000Z\", \"project_name\": \"Assumenda non a dolo\", \"money_per_hour\": 35}, \"attributes\": {\"id\": 6, \"job\": \"Labore vero do eos as\", \"date\": \"1980-12-19\", \"hours\": 87, \"user_id\": 1, \"employee\": \"Orlando Barlow\", \"created_at\": \"2022-09-27T16:16:09.000000Z\", \"project_id\": 4, \"updated_at\": \"2022-10-04T17:11:27.000000Z\", \"project_name\": \"asdasdasd\", \"money_per_hour\": 35}}',NULL,'2022-10-04 15:11:27','2022-10-04 15:11:27'),(90,'default','updated','App\\Models\\WorkTime','updated',5,'App\\Models\\User',1,'{\"old\": {\"id\": 5, \"job\": \"Labore vero do eos\", \"date\": \"1980-12-19\", \"hours\": 87, \"user_id\": 1, \"employee\": \"Orlando Barlow\", \"created_at\": \"2022-09-27T16:16:03.000000Z\", \"project_id\": 8, \"updated_at\": \"2022-10-04T17:11:17.000000Z\", \"project_name\": \"Assumenda non a dolo\", \"money_per_hour\": 35}, \"attributes\": {\"id\": 5, \"job\": \"Labore vero do eos\", \"date\": \"1980-12-19\", \"hours\": 87, \"user_id\": 1, \"employee\": \"Orlando Barlow\", \"created_at\": \"2022-09-27T16:16:03.000000Z\", \"project_id\": 5, \"updated_at\": \"2022-10-04T17:11:31.000000Z\", \"project_name\": \"asdasda\", \"money_per_hour\": 35}}',NULL,'2022-10-04 15:11:31','2022-10-04 15:11:31'),(91,'default','updated','App\\Models\\WorkTime','updated',4,'App\\Models\\User',1,'{\"old\": {\"id\": 4, \"job\": \"Sed quia quasi sed a\", \"date\": \"1994-05-30\", \"hours\": 48, \"user_id\": 1, \"employee\": \"Orlando Barlow\", \"created_at\": \"2022-09-27T08:34:39.000000Z\", \"project_id\": 11, \"updated_at\": \"2022-10-04T17:11:14.000000Z\", \"project_name\": \"Nostrud non dolore e\", \"money_per_hour\": 50}, \"attributes\": {\"id\": 4, \"job\": \"Sed quia quasi sed a\", \"date\": \"1994-05-30\", \"hours\": 48, \"user_id\": 1, \"employee\": \"Orlando Barlow\", \"created_at\": \"2022-09-27T08:34:39.000000Z\", \"project_id\": 5, \"updated_at\": \"2022-10-04T17:11:34.000000Z\", \"project_name\": \"asdasda\", \"money_per_hour\": 50}}',NULL,'2022-10-04 15:11:34','2022-10-04 15:11:34'),(92,'default','updated','App\\Models\\WorkTime','updated',10,'App\\Models\\User',1,'{\"old\": {\"id\": 10, \"job\": \"A est vitae accusams\", \"date\": \"1986-06-25\", \"hours\": 8, \"user_id\": 3, \"employee\": \"Mona Whitaker\", \"created_at\": \"2022-09-27T17:26:31.000000Z\", \"project_id\": 5, \"updated_at\": \"2022-10-04T15:59:27.000000Z\", \"project_name\": \"asdasda\", \"money_per_hour\": 150}, \"attributes\": {\"id\": 10, \"job\": \"A est vitae accusams\", \"date\": \"1986-06-25\", \"hours\": 8, \"user_id\": 1, \"employee\": \"Orlando Barlow\", \"created_at\": \"2022-09-27T17:26:31.000000Z\", \"project_id\": 5, \"updated_at\": \"2022-10-04T17:12:38.000000Z\", \"project_name\": \"asdasda\", \"money_per_hour\": 150}}',NULL,'2022-10-04 15:12:38','2022-10-04 15:12:38'),(93,'default','updated','App\\Models\\WorkTime','updated',10,'App\\Models\\User',1,'{\"old\": {\"id\": 10, \"job\": \"A est vitae accusams\", \"date\": \"1986-06-25\", \"hours\": 8, \"user_id\": 1, \"employee\": \"Orlando Barlow\", \"created_at\": \"2022-09-27T17:26:31.000000Z\", \"project_id\": 5, \"updated_at\": \"2022-10-04T17:12:38.000000Z\", \"project_name\": \"asdasda\", \"money_per_hour\": 150}, \"attributes\": {\"id\": 10, \"job\": \"A est vitae accusams\", \"date\": \"1986-06-25\", \"hours\": 8, \"user_id\": 1, \"employee\": \"Orlando Barlow\", \"created_at\": \"2022-09-27T17:26:31.000000Z\", \"project_id\": 6, \"updated_at\": \"2022-10-04T17:18:55.000000Z\", \"project_name\": \"Non eius sed dolorem\", \"money_per_hour\": 150}}',NULL,'2022-10-04 15:18:55','2022-10-04 15:18:55'),(94,'default','updated','App\\Models\\Project','updated',4,'App\\Models\\User',1,'{\"old\": {\"id\": 4, \"name\": \"asdasdasd\", \"is_done\": 1, \"company_id\": 1, \"created_at\": \"2022-09-26T23:24:04.000000Z\", \"updated_at\": \"2022-10-04T15:37:53.000000Z\", \"type_of_job\": \"asdasd\", \"street_address\": \"asdasd\", \"address_latitude\": null, \"address_longitude\": null}, \"attributes\": {\"id\": 4, \"name\": \"asdasdasd\", \"is_done\": 0, \"company_id\": 1, \"created_at\": \"2022-09-26T23:24:04.000000Z\", \"updated_at\": \"2022-10-05T14:23:35.000000Z\", \"type_of_job\": \"asdasd\", \"street_address\": \"asdasd\", \"address_latitude\": null, \"address_longitude\": null}}',NULL,'2022-10-05 12:23:35','2022-10-05 12:23:35'),(95,'default','created','App\\Models\\ProjectUsers','created',16,'App\\Models\\User',1,'{\"attributes\": {\"id\": 16, \"user_id\": 1, \"created_at\": \"2022-10-05T14:23:58.000000Z\", \"project_id\": 4, \"updated_at\": \"2022-10-05T14:23:58.000000Z\"}}',NULL,'2022-10-05 12:23:58','2022-10-05 12:23:58'),(96,'default','created','App\\Models\\ProjectUsers','created',17,'App\\Models\\User',1,'{\"attributes\": {\"id\": 17, \"user_id\": 4, \"created_at\": \"2022-10-05T14:25:49.000000Z\", \"project_id\": 4, \"updated_at\": \"2022-10-05T14:25:49.000000Z\"}}',NULL,'2022-10-05 12:25:49','2022-10-05 12:25:49'),(97,'default','created','App\\Models\\ProjectUsers','created',18,'App\\Models\\User',1,'{\"attributes\": {\"id\": 18, \"user_id\": 4, \"created_at\": \"2022-10-05T14:26:02.000000Z\", \"project_id\": 4, \"updated_at\": \"2022-10-05T14:26:02.000000Z\"}}',NULL,'2022-10-05 12:26:02','2022-10-05 12:26:02'),(98,'default','created','App\\Models\\Project','created',12,'App\\Models\\User',1,'{\"attributes\": {\"id\": 12, \"name\": \"Deleniti ut id ipsum\", \"is_done\": 0, \"company_id\": 5, \"created_at\": \"2022-10-05T14:27:06.000000Z\", \"updated_at\": \"2022-10-05T14:27:06.000000Z\", \"type_of_job\": \"Sequi qui est delect\", \"street_address\": \"Id exercitationem nu\", \"address_latitude\": null, \"address_longitude\": null}}',NULL,'2022-10-05 12:27:06','2022-10-05 12:27:06'),(99,'default','created','App\\Models\\ProjectUsers','created',19,'App\\Models\\User',1,'{\"attributes\": {\"id\": 19, \"user_id\": 1, \"created_at\": \"2022-10-05T14:27:15.000000Z\", \"project_id\": 8, \"updated_at\": \"2022-10-05T14:27:15.000000Z\"}}',NULL,'2022-10-05 12:27:15','2022-10-05 12:27:15');
/*!40000 ALTER TABLE `activity_log` ENABLE KEYS */;
UNLOCK TABLES;
DROP TABLE IF EXISTS `authentication_log`;
/*!40101 SET @saved_cs_client     = @@character_set_client */;
/*!50503 SET character_set_client = utf8mb4 */;
CREATE TABLE `authentication_log` (
  `id` bigint unsigned NOT NULL AUTO_INCREMENT,
  `authenticatable_type` varchar(255) COLLATE utf8mb4_unicode_ci NOT NULL,
  `authenticatable_id` bigint unsigned NOT NULL,
  `ip_address` varchar(45) COLLATE utf8mb4_unicode_ci DEFAULT NULL,
  `user_agent` text COLLATE utf8mb4_unicode_ci,
  `login_at` timestamp NULL DEFAULT NULL,
  `logout_at` timestamp NULL DEFAULT NULL,
  PRIMARY KEY (`id`),
  KEY `authentication_log_authenticatable_type_authenticatable_id_index` (`authenticatable_type`,`authenticatable_id`)
) ENGINE=InnoDB AUTO_INCREMENT=12 DEFAULT CHARSET=utf8mb4 COLLATE=utf8mb4_unicode_ci;
/*!40101 SET character_set_client = @saved_cs_client */;

LOCK TABLES `authentication_log` WRITE;
/*!40000 ALTER TABLE `authentication_log` DISABLE KEYS */;
INSERT INTO `authentication_log` VALUES (1,'App\\Models\\User',1,'127.0.0.1','Mozilla/5.0 (Windows NT 10.0; Win64; x64; rv:104.0) Gecko/20100101 Firefox/104.0','2022-09-26 21:43:17',NULL),(2,'App\\Models\\User',4,'127.0.0.1','Mozilla/5.0 (Windows NT 10.0; Win64; x64; rv:105.0) Gecko/20100101 Firefox/105.0','2022-09-27 06:16:25',NULL),(3,'App\\Models\\User',5,'127.0.0.1','Mozilla/5.0 (Windows NT 10.0; Win64; x64; rv:105.0) Gecko/20100101 Firefox/105.0','2022-09-27 14:04:44','2022-09-27 14:39:18'),(4,'App\\Models\\User',5,'127.0.0.1','Mozilla/5.0 (Windows NT 10.0; Win64; x64; rv:105.0) Gecko/20100101 Firefox/105.0','2022-09-27 14:39:33',NULL),(5,'App\\Models\\User',1,'127.0.0.1','Mozilla/5.0 (Windows NT 10.0; Win64; x64; rv:105.0) Gecko/20100101 Firefox/105.0','2022-09-30 13:59:17',NULL),(6,'App\\Models\\User',1,'127.0.0.1','Mozilla/5.0 (Windows NT 10.0; Win64; x64) AppleWebKit/537.36 (KHTML, like Gecko) Chrome/104.0.0.0 Safari/537.36','2022-10-03 12:56:16','2022-10-03 13:12:55'),(7,'App\\Models\\User',1,'127.0.0.1','Mozilla/5.0 (Windows NT 10.0; Win64; x64) AppleWebKit/537.36 (KHTML, like Gecko) Chrome/104.0.0.0 Safari/537.36','2022-10-03 13:15:08',NULL),(8,'App\\Models\\User',1,'127.0.0.1','Mozilla/5.0 (iPhone; CPU iPhone OS 13_2_3 like Mac OS X) AppleWebKit/605.1.15 (KHTML, like Gecko) Version/13.0.3 Mobile/15E148 Safari/604.1',NULL,'2022-10-03 13:30:08'),(9,'App\\Models\\User',1,'127.0.0.1','Mozilla/5.0 (Windows NT 10.0; Win64; x64; rv:105.0) Gecko/20100101 Firefox/105.0','2022-10-03 13:33:05',NULL),(10,'App\\Models\\User',1,'127.0.0.1','Mozilla/5.0 (Windows NT 10.0; Win64; x64; rv:105.0) Gecko/20100101 Firefox/105.0','2022-10-04 12:39:20',NULL),(11,'App\\Models\\User',1,'127.0.0.1','Mozilla/5.0 (Windows NT 10.0; Win64; x64; rv:105.0) Gecko/20100101 Firefox/105.0','2022-10-05 11:38:23',NULL);
/*!40000 ALTER TABLE `authentication_log` ENABLE KEYS */;
UNLOCK TABLES;
DROP TABLE IF EXISTS `companies`;
/*!40101 SET @saved_cs_client     = @@character_set_client */;
/*!50503 SET character_set_client = utf8mb4 */;
CREATE TABLE `companies` (
  `id` int unsigned NOT NULL AUTO_INCREMENT,
  `cover_path` varchar(255) COLLATE utf8mb4_unicode_ci DEFAULT NULL,
  `name` varchar(255) COLLATE utf8mb4_unicode_ci NOT NULL,
  `company_color` varchar(255) COLLATE utf8mb4_unicode_ci NOT NULL DEFAULT '#F25757',
  `created_at` timestamp NULL DEFAULT NULL,
  `updated_at` timestamp NULL DEFAULT NULL,
  PRIMARY KEY (`id`)
) ENGINE=InnoDB AUTO_INCREMENT=10 DEFAULT CHARSET=utf8mb4 COLLATE=utf8mb4_unicode_ci;
/*!40101 SET character_set_client = @saved_cs_client */;

LOCK TABLES `companies` WRITE;
/*!40000 ALTER TABLE `companies` DISABLE KEYS */;
INSERT INTO `companies` VALUES (1,'/storage/companies/10648334_774743482566882_8263394952722196279_o.jpg','Josephine Wardasd','#c82c1e','2022-09-26 21:15:30','2022-09-27 20:53:58'),(2,'/storage/companies/20170220_145322970_iOS.jpg','Yuli Richards','#2d4b32','2022-09-26 21:27:35','2022-09-26 21:27:35'),(3,'/storage/companies/10648334_774743482566882_8263394952722196279_o.jpg','Iona Flowers','#3ede15','2022-09-27 06:33:57','2022-09-27 06:33:57'),(4,'/storage/companies/20161230_175622000_iOS.jpg','Sierra Cameron','#dc7077','2022-09-27 14:06:53','2022-09-27 14:06:53'),(5,'/storage/companies/20170221_160137000_iOS.jpg','Brent Freeman','#48496a','2022-09-30 14:03:45','2022-09-30 14:03:45'),(6,'/storage/companies/10648334_774743482566882_8263394952722196279_o.jpg','Ashton Fernandez','#3000f7','2022-10-03 15:40:33','2022-10-03 15:40:33'),(7,'/storage/companies/10648334_774743482566882_8263394952722196279_o.jpg','Ashton Fernandezasd','#3000f7','2022-10-03 15:40:50','2022-10-03 15:40:50'),(8,'/storage/companies/20170221_160137000_iOS.jpg','Martha Cohen','#0ace93','2022-10-03 16:02:18','2022-10-03 16:02:18'),(9,'/storage/companies/10648334_774743482566882_8263394952722196279_o.jpg','Taylor Lott','#e09d0c','2022-10-03 16:13:22','2022-10-03 16:13:22');
/*!40000 ALTER TABLE `companies` ENABLE KEYS */;
UNLOCK TABLES;
DROP TABLE IF EXISTS `failed_jobs`;
/*!40101 SET @saved_cs_client     = @@character_set_client */;
/*!50503 SET character_set_client = utf8mb4 */;
CREATE TABLE `failed_jobs` (
  `id` bigint unsigned NOT NULL AUTO_INCREMENT,
  `uuid` varchar(255) COLLATE utf8mb4_unicode_ci NOT NULL,
  `connection` text COLLATE utf8mb4_unicode_ci NOT NULL,
  `queue` text COLLATE utf8mb4_unicode_ci NOT NULL,
  `payload` longtext COLLATE utf8mb4_unicode_ci NOT NULL,
  `exception` longtext COLLATE utf8mb4_unicode_ci NOT NULL,
  `failed_at` timestamp NOT NULL DEFAULT CURRENT_TIMESTAMP,
  PRIMARY KEY (`id`),
  UNIQUE KEY `failed_jobs_uuid_unique` (`uuid`)
) ENGINE=InnoDB DEFAULT CHARSET=utf8mb4 COLLATE=utf8mb4_unicode_ci;
/*!40101 SET character_set_client = @saved_cs_client */;

LOCK TABLES `failed_jobs` WRITE;
/*!40000 ALTER TABLE `failed_jobs` DISABLE KEYS */;
/*!40000 ALTER TABLE `failed_jobs` ENABLE KEYS */;
UNLOCK TABLES;
DROP TABLE IF EXISTS `migrations`;
/*!40101 SET @saved_cs_client     = @@character_set_client */;
/*!50503 SET character_set_client = utf8mb4 */;
CREATE TABLE `migrations` (
  `id` int unsigned NOT NULL AUTO_INCREMENT,
  `migration` varchar(255) COLLATE utf8mb4_unicode_ci NOT NULL,
  `batch` int NOT NULL,
  PRIMARY KEY (`id`)
) ENGINE=InnoDB AUTO_INCREMENT=13 DEFAULT CHARSET=utf8mb4 COLLATE=utf8mb4_unicode_ci;
/*!40101 SET character_set_client = @saved_cs_client */;

LOCK TABLES `migrations` WRITE;
/*!40000 ALTER TABLE `migrations` DISABLE KEYS */;
INSERT INTO `migrations` VALUES (1,'2014_10_12_000000_create_users_table',1),(2,'2014_10_12_100000_create_password_resets_table',1),(3,'2017_09_01_000000_create_authentication_log_table',1),(4,'2019_08_19_000000_create_failed_jobs_table',1),(5,'2019_12_14_000001_create_personal_access_tokens_table',1),(6,'2022_06_30_194653_create_companies_table',1),(7,'2022_06_30_194654_create_projects_table',1),(8,'2022_06_30_194655_create_work_times_table',1),(9,'2022_07_23_073114_project_users_pivot_table',1),(10,'2022_09_17_082357_create_activity_log_table',1),(11,'2022_09_17_082358_add_event_column_to_activity_log_table',1),(12,'2022_09_17_082359_add_batch_uuid_column_to_activity_log_table',1);
/*!40000 ALTER TABLE `migrations` ENABLE KEYS */;
UNLOCK TABLES;
DROP TABLE IF EXISTS `password_resets`;
/*!40101 SET @saved_cs_client     = @@character_set_client */;
/*!50503 SET character_set_client = utf8mb4 */;
CREATE TABLE `password_resets` (
  `email` varchar(255) COLLATE utf8mb4_unicode_ci NOT NULL,
  `token` varchar(255) COLLATE utf8mb4_unicode_ci NOT NULL,
  `created_at` timestamp NULL DEFAULT NULL,
  KEY `password_resets_email_index` (`email`)
) ENGINE=InnoDB DEFAULT CHARSET=utf8mb4 COLLATE=utf8mb4_unicode_ci;
/*!40101 SET character_set_client = @saved_cs_client */;

LOCK TABLES `password_resets` WRITE;
/*!40000 ALTER TABLE `password_resets` DISABLE KEYS */;
/*!40000 ALTER TABLE `password_resets` ENABLE KEYS */;
UNLOCK TABLES;
DROP TABLE IF EXISTS `personal_access_tokens`;
/*!40101 SET @saved_cs_client     = @@character_set_client */;
/*!50503 SET character_set_client = utf8mb4 */;
CREATE TABLE `personal_access_tokens` (
  `id` bigint unsigned NOT NULL AUTO_INCREMENT,
  `tokenable_type` varchar(255) COLLATE utf8mb4_unicode_ci NOT NULL,
  `tokenable_id` bigint unsigned NOT NULL,
  `name` varchar(255) COLLATE utf8mb4_unicode_ci NOT NULL,
  `token` varchar(64) COLLATE utf8mb4_unicode_ci NOT NULL,
  `abilities` text COLLATE utf8mb4_unicode_ci,
  `last_used_at` timestamp NULL DEFAULT NULL,
  `created_at` timestamp NULL DEFAULT NULL,
  `updated_at` timestamp NULL DEFAULT NULL,
  PRIMARY KEY (`id`),
  UNIQUE KEY `personal_access_tokens_token_unique` (`token`),
  KEY `personal_access_tokens_tokenable_type_tokenable_id_index` (`tokenable_type`,`tokenable_id`)
) ENGINE=InnoDB DEFAULT CHARSET=utf8mb4 COLLATE=utf8mb4_unicode_ci;
/*!40101 SET character_set_client = @saved_cs_client */;

LOCK TABLES `personal_access_tokens` WRITE;
/*!40000 ALTER TABLE `personal_access_tokens` DISABLE KEYS */;
/*!40000 ALTER TABLE `personal_access_tokens` ENABLE KEYS */;
UNLOCK TABLES;
DROP TABLE IF EXISTS `project_users`;
/*!40101 SET @saved_cs_client     = @@character_set_client */;
/*!50503 SET character_set_client = utf8mb4 */;
CREATE TABLE `project_users` (
  `id` bigint unsigned NOT NULL AUTO_INCREMENT,
  `project_id` int unsigned NOT NULL,
  `user_id` int unsigned NOT NULL,
  `created_at` timestamp NULL DEFAULT NULL,
  `updated_at` timestamp NULL DEFAULT NULL,
  PRIMARY KEY (`id`),
  KEY `project_users_project_id_foreign` (`project_id`),
  KEY `project_users_user_id_foreign` (`user_id`),
  CONSTRAINT `project_users_project_id_foreign` FOREIGN KEY (`project_id`) REFERENCES `projects` (`id`) ON DELETE CASCADE,
  CONSTRAINT `project_users_user_id_foreign` FOREIGN KEY (`user_id`) REFERENCES `users` (`id`) ON DELETE CASCADE
) ENGINE=InnoDB AUTO_INCREMENT=20 DEFAULT CHARSET=utf8mb4 COLLATE=utf8mb4_unicode_ci;
/*!40101 SET character_set_client = @saved_cs_client */;

LOCK TABLES `project_users` WRITE;
/*!40000 ALTER TABLE `project_users` DISABLE KEYS */;
INSERT INTO `project_users` VALUES (1,6,2,'2022-09-26 21:27:35','2022-09-26 21:27:35'),(2,6,1,'2022-09-26 21:27:35','2022-09-26 21:27:35'),(3,5,1,'2022-09-26 21:28:44','2022-09-26 21:28:44'),(5,4,2,'2022-09-26 21:28:50','2022-09-26 21:28:50'),(6,7,4,'2022-09-27 06:33:57','2022-09-27 06:33:57'),(7,7,3,'2022-09-27 06:33:57','2022-09-27 06:33:57'),(8,5,4,'2022-09-27 06:34:09','2022-09-27 06:34:09'),(9,5,3,'2022-09-27 06:34:11','2022-09-27 06:34:11'),(10,5,2,'2022-09-27 06:34:13','2022-09-27 06:34:13'),(12,4,5,'2022-09-27 21:43:28','2022-09-27 21:43:28'),(13,9,4,'2022-10-03 15:40:50','2022-10-03 15:40:50'),(15,11,5,'2022-10-03 16:13:22','2022-10-03 16:13:22'),(16,4,1,'2022-10-05 12:23:58','2022-10-05 12:23:58'),(18,4,4,'2022-10-05 12:26:02','2022-10-05 12:26:02'),(19,8,1,'2022-10-05 12:27:15','2022-10-05 12:27:15');
/*!40000 ALTER TABLE `project_users` ENABLE KEYS */;
UNLOCK TABLES;
DROP TABLE IF EXISTS `projects`;
/*!40101 SET @saved_cs_client     = @@character_set_client */;
/*!50503 SET character_set_client = utf8mb4 */;
CREATE TABLE `projects` (
  `id` int unsigned NOT NULL AUTO_INCREMENT,
  `company_id` int unsigned NOT NULL,
  `name` varchar(255) COLLATE utf8mb4_unicode_ci NOT NULL,
  `type_of_job` varchar(255) COLLATE utf8mb4_unicode_ci NOT NULL,
  `is_done` tinyint(1) NOT NULL DEFAULT '0',
  `street_address` varchar(255) COLLATE utf8mb4_unicode_ci DEFAULT NULL,
  `address_latitude` double DEFAULT NULL,
  `address_longitude` double DEFAULT NULL,
  `created_at` timestamp NULL DEFAULT NULL,
  `updated_at` timestamp NULL DEFAULT NULL,
  PRIMARY KEY (`id`),
  KEY `projects_company_id_foreign` (`company_id`),
  CONSTRAINT `projects_company_id_foreign` FOREIGN KEY (`company_id`) REFERENCES `companies` (`id`) ON DELETE CASCADE
) ENGINE=InnoDB AUTO_INCREMENT=13 DEFAULT CHARSET=utf8mb4 COLLATE=utf8mb4_unicode_ci;
/*!40101 SET character_set_client = @saved_cs_client */;

LOCK TABLES `projects` WRITE;
/*!40000 ALTER TABLE `projects` DISABLE KEYS */;
INSERT INTO `projects` VALUES (4,1,'asdasdasd','asdasd',0,'asdasd',NULL,NULL,'2022-09-26 21:24:04','2022-10-05 12:23:35'),(5,1,'asdasda','Duis beatae aut dolo',0,'Aliqua Voluptatem a',NULL,NULL,'2022-09-26 21:24:22','2022-09-26 21:24:22'),(6,2,'Non eius sed dolorem','Non nulla voluptatib',0,'Proident eum deseru',NULL,NULL,'2022-09-26 21:27:35','2022-09-26 21:27:35'),(7,3,'Tempor adipisci repr','Sunt irure eos conse',0,'Quos culpa itaque se',NULL,NULL,'2022-09-27 06:33:57','2022-09-27 06:33:57'),(8,2,'Assumenda non a dolo','Dolores molestias do',0,'Ut temporibus facili',NULL,NULL,'2022-09-30 14:04:17','2022-09-30 14:04:17'),(9,7,'Odit qui in eius odi','Quia id non aliquam',0,'Illum voluptatibus',NULL,NULL,'2022-10-03 15:40:50','2022-10-03 15:40:50'),(10,8,'Ipsum eos accusanti','Ab a sit in in',0,'Veniam non ratione',NULL,NULL,'2022-10-03 16:02:18','2022-10-03 16:02:18'),(11,9,'Nostrud non dolore e','Repudiandae dolore r',0,'Dolor duis voluptate',NULL,NULL,'2022-10-03 16:13:22','2022-10-03 16:13:22'),(12,5,'Deleniti ut id ipsum','Sequi qui est delect',0,'Id exercitationem nu',NULL,NULL,'2022-10-05 12:27:06','2022-10-05 12:27:06');
/*!40000 ALTER TABLE `projects` ENABLE KEYS */;
UNLOCK TABLES;
DROP TABLE IF EXISTS `users`;
/*!40101 SET @saved_cs_client     = @@character_set_client */;
/*!50503 SET character_set_client = utf8mb4 */;
CREATE TABLE `users` (
  `id` int unsigned NOT NULL AUTO_INCREMENT,
  `first_name` varchar(255) COLLATE utf8mb4_unicode_ci NOT NULL,
  `last_name` varchar(255) COLLATE utf8mb4_unicode_ci NOT NULL,
  `email` varchar(255) COLLATE utf8mb4_unicode_ci NOT NULL,
  `email_verified_at` timestamp NULL DEFAULT NULL,
  `password` varchar(255) COLLATE utf8mb4_unicode_ci NOT NULL,
  `remember_token` varchar(100) COLLATE utf8mb4_unicode_ci DEFAULT NULL,
  `created_at` timestamp NULL DEFAULT NULL,
  `updated_at` timestamp NULL DEFAULT NULL,
  `mobile` int NOT NULL DEFAULT '0',
  `username` varchar(255) COLLATE utf8mb4_unicode_ci NOT NULL,
  `is_admin` tinyint(1) NOT NULL DEFAULT '0',
  `money_per_hour` double(8,2) NOT NULL DEFAULT '0.00',
  `user_color` varchar(255) COLLATE utf8mb4_unicode_ci NOT NULL DEFAULT '#F25757',
  `address` varchar(255) COLLATE utf8mb4_unicode_ci DEFAULT NULL,
  `apartment` varchar(255) COLLATE utf8mb4_unicode_ci DEFAULT NULL,
  PRIMARY KEY (`id`),
  UNIQUE KEY `users_email_unique` (`email`),
  UNIQUE KEY `users_username_unique` (`username`)
) ENGINE=InnoDB AUTO_INCREMENT=6 DEFAULT CHARSET=utf8mb4 COLLATE=utf8mb4_unicode_ci;
/*!40101 SET character_set_client = @saved_cs_client */;

LOCK TABLES `users` WRITE;
/*!40000 ALTER TABLE `users` DISABLE KEYS */;
INSERT INTO `users` VALUES (1,'Orlando','Barlow','xijodof@mailinator.com',NULL,'$2y$10$bGxcbTCAG5kKHs3p2u3Pl.yBGxzUmnhudsW6BKoamdrrusCV6K6.e',NULL,'2022-09-26 21:26:04','2022-09-27 14:33:57',730681670,'Dolorum ut t',1,8.00,'#F25757',NULL,NULL),(2,'Hope','Hartman','feqafetu@mailinator.com',NULL,'$2y$10$/CQ.lIQalPxRVtUp0lnCtOuIDoNrkT62xyBWJ7jTpkUj6lW9BGdIa',NULL,'2022-09-26 21:26:26','2022-09-30 14:07:28',603776655,'Consequat Deleniti',1,150.00,'#F25757','bablerovonamesti','16'),(3,'Mona','Whitaker','gonofyta@mailinator.com',NULL,'$2y$10$GVAnGY8TEd1TSX4xN.vtuuLJ7EGpnotj4zWB8e9jbtimNpULWjCqi',NULL,'2022-09-26 21:47:00','2022-09-30 14:07:33',111222333,'Sunt quis reprehend',0,89.00,'#F25757','Quo est voluptas qu','Assumenda vel nulla'),(4,'Lisandra','Francis','nudir@mailinator.com',NULL,'$2y$10$2cfX47Eomy38J95S6ujjb.eqUDn9kYLUa0R3lUg2sjS4PlCU62mtG',NULL,'2022-09-26 21:47:11','2022-09-27 16:36:55',777111222,'Quis et dignissimos',0,50.00,'#F25757','Consequatur explicab','Enim natus omnis ali'),(5,'Plato','Sanchez','gunaviqe@mailinator.com',NULL,'$2y$10$TgGmK6tRjiIYva.HGTTBMO/LWCdLMC1Y6UWuJyEijKBTSohpdCKb.',NULL,'2022-09-27 14:04:43','2022-09-27 14:04:43',0,'roboc',0,150.00,'#F25757',NULL,NULL);
/*!40000 ALTER TABLE `users` ENABLE KEYS */;
UNLOCK TABLES;
DROP TABLE IF EXISTS `work_times`;
/*!40101 SET @saved_cs_client     = @@character_set_client */;
/*!50503 SET character_set_client = utf8mb4 */;
CREATE TABLE `work_times` (
  `id` int unsigned NOT NULL AUTO_INCREMENT,
  `user_id` int unsigned NOT NULL,
  `project_id` int unsigned NOT NULL,
  `project_name` varchar(255) COLLATE utf8mb4_unicode_ci NOT NULL,
  `job` varchar(255) COLLATE utf8mb4_unicode_ci NOT NULL,
  `employee` varchar(255) COLLATE utf8mb4_unicode_ci NOT NULL,
  `hours` double(8,2) NOT NULL,
  `money_per_hour` double(8,2) NOT NULL DEFAULT '0.00',
  `date` date NOT NULL,
  `created_at` timestamp NULL DEFAULT NULL,
  `updated_at` timestamp NULL DEFAULT NULL,
  PRIMARY KEY (`id`),
  KEY `work_times_user_id_foreign` (`user_id`),
  KEY `work_times_project_id_foreign` (`project_id`),
  CONSTRAINT `work_times_project_id_foreign` FOREIGN KEY (`project_id`) REFERENCES `projects` (`id`) ON DELETE CASCADE,
  CONSTRAINT `work_times_user_id_foreign` FOREIGN KEY (`user_id`) REFERENCES `users` (`id`) ON DELETE CASCADE
) ENGINE=InnoDB AUTO_INCREMENT=11 DEFAULT CHARSET=utf8mb4 COLLATE=utf8mb4_unicode_ci;
/*!40101 SET character_set_client = @saved_cs_client */;

LOCK TABLES `work_times` WRITE;
/*!40000 ALTER TABLE `work_times` DISABLE KEYS */;
INSERT INTO `work_times` VALUES (4,1,5,'asdasda','Sed quia quasi sed a','Orlando Barlow',48.00,50.00,'1994-05-30','2022-09-27 06:34:39','2022-10-04 15:11:34'),(5,1,5,'asdasda','Labore vero do eos','Orlando Barlow',87.00,35.00,'1980-12-19','2022-09-27 14:16:03','2022-10-04 15:11:31'),(6,1,4,'asdasdasd','Labore vero do eos as','Orlando Barlow',87.00,35.00,'1980-12-19','2022-09-27 14:16:09','2022-10-04 15:11:27'),(7,1,4,'asdasdasd','asdasd','Orlando Barlow',8.00,150.00,'2022-09-08','2022-09-27 15:26:05','2022-10-04 15:11:24'),(8,2,5,'asdasda','asdasdasd','Hope Hartman',8.00,150.00,'2022-09-08','2022-09-27 15:26:10','2022-10-04 13:59:23'),(9,3,4,'asdasdasd','A est vitae accusam','Mona Whitaker',8.00,150.00,'1986-06-25','2022-09-27 15:26:26','2022-09-27 15:26:26'),(10,1,6,'Non eius sed dolorem','A est vitae accusams','Orlando Barlow',8.00,150.00,'1986-06-25','2022-09-27 15:26:31','2022-10-04 15:18:55');
/*!40000 ALTER TABLE `work_times` ENABLE KEYS */;
UNLOCK TABLES;
/*!40103 SET TIME_ZONE=@OLD_TIME_ZONE */;

/*!40101 SET SQL_MODE=@OLD_SQL_MODE */;
/*!40014 SET FOREIGN_KEY_CHECKS=@OLD_FOREIGN_KEY_CHECKS */;
/*!40014 SET UNIQUE_CHECKS=@OLD_UNIQUE_CHECKS */;
/*!40101 SET CHARACTER_SET_CLIENT=@OLD_CHARACTER_SET_CLIENT */;
/*!40101 SET CHARACTER_SET_RESULTS=@OLD_CHARACTER_SET_RESULTS */;
/*!40101 SET COLLATION_CONNECTION=@OLD_COLLATION_CONNECTION */;
/*!40111 SET SQL_NOTES=@OLD_SQL_NOTES */;

